frame_idx,difficulty_reason,image_name,image_path,timestamp_iso,sat_x_km,sat_y_km,sat_z_km,quat_w,quat_x,quat_y,quat_z,cam_lens_mm,cam_type,cam_sensor_width_mm,cam_sensor_height_mm
1,lowcontrast,0001.png,D:\BaiduNetdiskDownload\fire\Aqua_IRBatch250\images\0001.png,2025-01-01T00:00:00,-7.963720,0.710754,1748.563477,0.195677,0.471218,0.064141,0.857642,50.00,PERSP,36.00,24.00
2,lowcontrast,0002.png,D:\BaiduNetdiskDownload\fire\Aqua_IRBatch250\images\0002.png,2025-01-01T00:00:20.240964,-7.964437,0.700486,1748.565063,0.195190,0.471108,0.064472,0.857788,50.00,PERSP,36.00,24.00
3,lowcontrast,0003.png,D:\BaiduNetdiskDownload\fire\Aqua_IRBatch250\images\0003.png,2025-01-01T00:00:40.481928,-7.965160,0.688168,1748.565430,0.194539,0.471030,0.064856,0.857951,50.00,PERSP,36.00,24.00
4,lowcontrast,0004.png,D:\BaiduNetdiskDownload\fire\Aqua_IRBatch250\images\0004.png,2025-01-01T00:01:00.722892,-7.967151,0.673139,1748.565063,0.193677,0.471055,0.065250,0.858102,50.00,PERSP,36.00,24.00
5,lowcontrast,0005.png,D:\BaiduNetdiskDownload\fire\Aqua_IRBatch250\images\0005.png,2025-01-01T00:01:20.963855,-7.967442,0.654472,1748.565430,0.192796,0.470860,0.065844,0.858362,50.00,PERSP,36.00,24.00
6,lowcontrast,0006.png,D:\BaiduNetdiskDownload\fire\Aqua_IRBatch250\images\0006.png,2025-01-01T00:01:41.204819,-7.969344,0.634488,1748.567139,0.191690,0.470786,0.066441,0.858604,50.00,PERSP,36.00,24.00
7,lowcontrast,0007.png,D:\BaiduNetdiskDownload\fire\Aqua_IRBatch250\images\0007.png,2025-01-01T00:02:01.445783,-7.972292,0.611953,1748.567627,0.190408,0.470746,0.067092,0.858860,50.00,PERSP,36.00,24.00
8,lowcontrast,0008.png,D:\BaiduNetdiskDownload\fire\Aqua_IRBatch250\images\0008.png,2025-01-01T00:02:21.686747,-7.974108,0.586225,1748.568115,0.188974,0.470698,0.067823,0.859147,50.00,PERSP,36.00,24.00
9,lowcontrast,0009.png,D:\BaiduNetdiskDownload\fire\Aqua_IRBatch250\images\0009.png,2025-01-01T00:02:41.927711,-7.975425,0.556819,1748.569214,0.187462,0.470509,0.068710,0.859511,50.00,PERSP,36.00,24.00
10,lowcontrast,0010.png,D:\BaiduNetdiskDownload\fire\Aqua_IRBatch250\images\0010.png,2025-01-01T00:03:02.168675,-7.978066,0.525230,1748.569824,0.185759,0.470363,0.069649,0.859885,50.00,PERSP,36.00,24.00
11,lowcontrast,0011.png,D:\BaiduNetdiskDownload\fire\Aqua_IRBatch250\images\0011.png,2025-01-01T00:03:22.409639,-7.979714,0.490602,1748.572998,0.183874,0.470240,0.070653,0.860275,50.00,PERSP,36.00,24.00
12,lowcontrast,0012.png,D:\BaiduNetdiskDownload\fire\Aqua_IRBatch250\images\0012.png,2025-01-01T00:03:42.650602,-7.982302,0.453031,1748.573608,0.181844,0.470072,0.071763,0.860706,50.00,PERSP,36.00,24.00
13,lowcontrast,0013.png,D:\BaiduNetdiskDownload\fire\Aqua_IRBatch250\images\0013.png,2025-01-01T00:04:02.891566,-7.984698,0.412921,1748.575439,0.179639,0.469901,0.072955,0.861162,50.00,PERSP,36.00,24.00
14,lowcontrast,0014.png,D:\BaiduNetdiskDownload\fire\Aqua_IRBatch250\images\0014.png,2025-01-01T00:04:23.132530,-7.986479,0.368634,1748.576660,0.177274,0.469694,0.074249,0.861655,50.00,PERSP,36.00,24.00
15,lowcontrast,0015.png,D:\BaiduNetdiskDownload\fire\Aqua_IRBatch250\images\0015.png,2025-01-01T00:04:43.373494,-7.988046,0.320786,1748.578125,0.174765,0.469415,0.075666,0.862196,50.00,PERSP,36.00,24.00
16,lowcontrast,0016.png,D:\BaiduNetdiskDownload\fire\Aqua_IRBatch250\images\0016.png,2025-01-01T00:05:03.614458,-7.991117,0.270850,1748.577148,0.172008,0.469234,0.077114,0.862720,50.00,PERSP,36.00,24.00
17,lowcontrast,0017.png,D:\BaiduNetdiskDownload\fire\Aqua_IRBatch250\images\0017.png,2025-01-01T00:05:23.855422,-7.992005,0.216927,1748.579834,0.169113,0.468954,0.078703,0.863301,50.00,PERSP,36.00,24.00
18,lowcontrast,0018.png,D:\BaiduNetdiskDownload\fire\Aqua_IRBatch250\images\0018.png,2025-01-01T00:05:44.096386,-7.993552,0.159396,1748.579590,0.166020,0.468669,0.080382,0.863901,50.00,PERSP,36.00,24.00
19,lowcontrast,0019.png,D:\BaiduNetdiskDownload\fire\Aqua_IRBatch250\images\0019.png,2025-01-01T00:06:04.337349,-7.994027,0.098780,1748.576416,0.162751,0.468328,0.082181,0.864539,50.00,PERSP,36.00,24.00
20,lowcontrast,0020.png,D:\BaiduNetdiskDownload\fire\Aqua_IRBatch250\images\0020.png,2025-01-01T00:06:24.578313,-7.996274,0.034936,1748.576782,0.159215,0.468082,0.084021,0.865154,50.00,PERSP,36.00,24.00
21,lowcontrast,0021.png,D:\BaiduNetdiskDownload\fire\Aqua_IRBatch250\images\0021.png,2025-01-01T00:06:44.819277,-7.994976,-0.032943,1748.572998,0.155574,0.467632,0.086062,0.865858,50.00,PERSP,36.00,24.00
22,lowcontrast,0022.png,D:\BaiduNetdiskDownload\fire\Aqua_IRBatch250\images\0022.png,2025-01-01T00:07:05.060241,-7.993994,-0.105758,1748.576782,0.151668,0.467252,0.088160,0.866545,50.00,PERSP,36.00,24.00
23,lowcontrast,0023.png,D:\BaiduNetdiskDownload\fire\Aqua_IRBatch250\images\0023.png,2025-01-01T00:07:25.301205,-7.993044,-0.181991,1748.577881,0.147555,0.466825,0.090378,0.867257,50.00,PERSP,36.00,24.00
24,lowcontrast,0024.png,D:\BaiduNetdiskDownload\fire\Aqua_IRBatch250\images\0024.png,2025-01-01T00:07:45.542169,-7.990514,-0.260977,1748.577759,0.143206,0.466390,0.092699,0.867974,50.00,PERSP,36.00,24.00
25,lowcontrast,0025.png,D:\BaiduNetdiskDownload\fire\Aqua_IRBatch250\images\0025.png,2025-01-01T00:08:05.783133,-7.987607,-0.345090,1748.576416,0.138648,0.465887,0.095153,0.868718,50.00,PERSP,36.00,24.00
26,lowcontrast,0026.png,D:\BaiduNetdiskDownload\fire\Aqua_IRBatch250\images\0026.png,2025-01-01T00:08:26.024096,-7.983679,-0.432905,1748.577881,0.133817,0.465420,0.097691,0.869445,50.00,PERSP,36.00,24.00
27,lowcontrast,0027.png,D:\BaiduNetdiskDownload\fire\Aqua_IRBatch250\images\0027.png,2025-01-01T00:08:46.265060,-7.978420,-0.525467,1748.578369,0.128797,0.464817,0.100398,0.870216,50.00,PERSP,36.00,24.00
28,lowcontrast,0028.png,D:\BaiduNetdiskDownload\fire\Aqua_IRBatch250\images\0028.png,2025-01-01T00:09:06.506024,-7.970634,-0.622586,1748.580078,0.123547,0.464143,0.103243,0.871004,50.00,PERSP,36.00,24.00
29,lowcontrast,0029.png,D:\BaiduNetdiskDownload\fire\Aqua_IRBatch250\images\0029.png,2025-01-01T00:09:26.746988,-7.961464,-0.723597,1748.586670,0.118024,0.463460,0.106196,0.871778,50.00,PERSP,36.00,24.00
30,lowcontrast,0030.png,D:\BaiduNetdiskDownload\fire\Aqua_IRBatch250\images\0030.png,2025-01-01T00:09:46.987952,-7.952107,-0.829450,1748.587402,0.112215,0.462782,0.109253,0.872528,50.00,PERSP,36.00,24.00
31,lowcontrast,0031.png,D:\BaiduNetdiskDownload\fire\Aqua_IRBatch250\images\0031.png,2025-01-01T00:10:07.228916,-7.940146,-0.939859,1748.593506,0.106142,0.462052,0.112442,0.873269,50.00,PERSP,36.00,24.00
32,lowcontrast,0032.png,D:\BaiduNetdiskDownload\fire\Aqua_IRBatch250\images\0032.png,2025-01-01T00:10:27.469880,-7.925439,-1.053972,1748.592407,0.099828,0.461214,0.115787,0.874019,50.00,PERSP,36.00,24.00
33,lowcontrast,0033.png,D:\BaiduNetdiskDownload\fire\Aqua_IRBatch250\images\0033.png,2025-01-01T00:10:47.710843,-7.909011,-1.173495,1748.595459,0.093207,0.460378,0.119240,0.874726,50.00,PERSP,36.00,24.00
34,lowcontrast,0034.png,D:\BaiduNetdiskDownload\fire\Aqua_IRBatch250\images\0034.png,2025-01-01T00:11:07.951807,-7.889503,-1.297386,1748.590820,0.086336,0.459427,0.122852,0.875432,50.00,PERSP,36.00,24.00
35,lowcontrast,0035.png,D:\BaiduNetdiskDownload\fire\Aqua_IRBatch250\images\0035.png,2025-01-01T00:11:28.192771,-7.867052,-1.425928,1748.588135,0.079220,0.458333,0.126632,0.876139,50.00,PERSP,36.00,24.00
36,lowcontrast,0036.png,D:\BaiduNetdiskDownload\fire\Aqua_IRBatch250\images\0036.png,2025-01-01T00:11:48.433735,-7.841566,-1.559502,1748.584961,0.071785,0.457231,0.130522,0.876784,50.00,PERSP,36.00,24.00
37,lowcontrast,0037.png,D:\BaiduNetdiskDownload\fire\Aqua_IRBatch250\images\0037.png,2025-01-01T00:12:08.674699,-7.812416,-1.698203,1748.580566,0.064075,0.456026,0.134560,0.877398,50.00,PERSP,36.00,24.00
38,lowcontrast,0038.png,D:\BaiduNetdiskDownload\fire\Aqua_IRBatch250\images\0038.png,2025-01-01T00:12:28.915663,-7.781087,-1.840605,1748.579468,0.056020,0.454852,0.138692,0.877915,50.00,PERSP,36.00,24.00
39,lowcontrast,0039.png,D:\BaiduNetdiskDownload\fire\Aqua_IRBatch250\images\0039.png,2025-01-01T00:12:49.156627,-7.743872,-1.987281,1748.574097,0.047735,0.453471,0.143007,0.878427,50.00,PERSP,36.00,24.00
40,lowcontrast,0040.png,D:\BaiduNetdiskDownload\fire\Aqua_IRBatch250\images\0040.png,2025-01-01T00:13:09.397590,-7.704932,-2.137943,1748.573242,0.039093,0.452141,0.147405,0.878813,50.00,PERSP,36.00,24.00
41,lowcontrast,0041.png,D:\BaiduNetdiskDownload\fire\Aqua_IRBatch250\images\0041.png,2025-01-01T00:13:29.638554,-7.658847,-2.293162,1748.567627,0.030227,0.450584,0.151984,0.879182,50.00,PERSP,36.00,24.00
42,lowcontrast,0042.png,D:\BaiduNetdiskDownload\fire\Aqua_IRBatch250\images\0042.png,2025-01-01T00:13:49.879518,-7.609064,-2.453413,1748.562012,0.021086,0.448909,0.156698,0.879478,50.00,PERSP,36.00,24.00
43,lowcontrast,0043.png,D:\BaiduNetdiskDownload\fire\Aqua_IRBatch250\images\0043.png,2025-01-01T00:14:10.120482,-7.554924,-2.616227,1748.553101,0.011602,0.447269,0.161489,0.879623,50.00,PERSP,36.00,24.00
44,lowcontrast,0044.png,D:\BaiduNetdiskDownload\fire\Aqua_IRBatch250\images\0044.png,2025-01-01T00:14:30.361446,-7.495616,-2.782364,1748.552490,0.001876,0.445461,0.166421,0.879696,50.00,PERSP,36.00,24.00
45,lowcontrast,0045.png,D:\BaiduNetdiskDownload\fire\Aqua_IRBatch250\images\0045.png,2025-01-01T00:14:50.602410,-7.429067,-2.952108,1748.551514,0.008055,-0.443417,-0.171507,-0.879717,50.00,PERSP,36.00,24.00
46,lowcontrast,0046.png,D:\BaiduNetdiskDownload\fire\Aqua_IRBatch250\images\0046.png,2025-01-01T00:15:10.843373,-7.359004,-3.124131,1748.546753,0.018325,-0.441454,-0.176639,-0.879535,50.00,PERSP,36.00,24.00
47,lowcontrast,0047.png,D:\BaiduNetdiskDownload\fire\Aqua_IRBatch250\images\0047.png,2025-01-01T00:15:31.084337,-7.283314,-3.298622,1748.543701,0.028829,-0.439365,-0.181875,-0.879232,50.00,PERSP,36.00,24.00
48,lowcontrast,0048.png,D:\BaiduNetdiskDownload\fire\Aqua_IRBatch250\images\0048.png,2025-01-01T00:15:51.325301,-7.200415,-3.474822,1748.537354,0.039502,-0.437032,-0.187237,-0.878854,50.00,PERSP,36.00,24.00
49,lowcontrast,0049.png,D:\BaiduNetdiskDownload\fire\Aqua_IRBatch250\images\0049.png,2025-01-01T00:16:11.566265,-7.111271,-3.652730,1748.532715,0.050446,-0.434732,-0.192638,-0.878267,50.00,PERSP,36.00,24.00
50,lowcontrast,0050.png,D:\BaiduNetdiskDownload\fire\Aqua_IRBatch250\images\0050.png,2025-01-01T00:16:31.807229,-7.017760,-3.831494,1748.526489,0.061566,-0.432285,-0.198117,-0.877547,50.00,PERSP,36.00,24.00
51,hotspot,0051.png,D:\BaiduNetdiskDownload\fire\Aqua_IRBatch250\images\0051.png,2025-01-01T00:16:52.048193,-6.917200,-4.010921,1748.523682,0.072849,-0.429714,-0.203656,-0.876677,50.00,PERSP,36.00,24.00
52,hotspot,0052.png,D:\BaiduNetdiskDownload\fire\Aqua_IRBatch250\images\0052.png,2025-01-01T00:17:12.289157,-6.809187,-4.189779,1748.520630,0.084257,-0.426976,-0.209253,-0.875674,50.00,PERSP,36.00,24.00
53,hotspot,0053.png,D:\BaiduNetdiskDownload\fire\Aqua_IRBatch250\images\0053.png,2025-01-01T00:17:32.530120,-6.695252,-4.368068,1748.519287,0.095781,-0.424112,-0.214882,-0.874518,50.00,PERSP,36.00,24.00
54,hotspot,0054.png,D:\BaiduNetdiskDownload\fire\Aqua_IRBatch250\images\0054.png,2025-01-01T00:17:52.771084,-6.577082,-4.544980,1748.519409,0.107446,-0.421260,-0.220506,-0.873139,50.00,PERSP,36.00,24.00
55,hotspot,0055.png,D:\BaiduNetdiskDownload\fire\Aqua_IRBatch250\images\0055.png,2025-01-01T00:18:13.012048,-6.453162,-4.720041,1748.518921,0.119169,-0.418278,-0.226141,-0.871609,50.00,PERSP,36.00,24.00
56,hotspot,0056.png,D:\BaiduNetdiskDownload\fire\Aqua_IRBatch250\images\0056.png,2025-01-01T00:18:33.253012,-6.322884,-4.892609,1748.519653,0.130934,-0.415201,-0.231766,-0.869913,50.00,PERSP,36.00,24.00
57,hotspot,0057.png,D:\BaiduNetdiskDownload\fire\Aqua_IRBatch250\images\0057.png,2025-01-01T00:18:53.493976,-6.187109,-5.061985,1748.520630,0.142659,-0.411888,-0.237390,-0.868126,50.00,PERSP,36.00,24.00
58,hotspot,0058.png,D:\BaiduNetdiskDownload\fire\Aqua_IRBatch250\images\0058.png,2025-01-01T00:19:13.734940,-6.049890,-5.228087,1748.522827,0.154498,-0.408855,-0.242924,-0.866000,50.00,PERSP,36.00,24.00
59,hotspot,0059.png,D:\BaiduNetdiskDownload\fire\Aqua_IRBatch250\images\0059.png,2025-01-01T00:19:33.975904,-5.906481,-5.390070,1748.523071,0.166189,-0.405462,-0.248447,-0.863861,50.00,PERSP,36.00,24.00
60,hotspot,0060.png,D:\BaiduNetdiskDownload\fire\Aqua_IRBatch250\images\0060.png,2025-01-01T00:19:54.216867,-5.758033,-5.547485,1748.525391,0.177845,-0.402107,-0.253893,-0.861521,50.00,PERSP,36.00,24.00
61,hotspot,0061.png,D:\BaiduNetdiskDownload\fire\Aqua_IRBatch250\images\0061.png,2025-01-01T00:20:14.457831,-5.606478,-5.700064,1748.525513,0.189386,-0.398653,-0.259267,-0.859063,50.00,PERSP,36.00,24.00
62,hotspot,0062.png,D:\BaiduNetdiskDownload\fire\Aqua_IRBatch250\images\0062.png,2025-01-01T00:20:34.698795,-5.452909,-5.847261,1748.527832,0.200801,-0.395148,-0.264553,-0.856475,50.00,PERSP,36.00,24.00
63,hotspot,0063.png,D:\BaiduNetdiskDownload\fire\Aqua_IRBatch250\images\0063.png,2025-01-01T00:20:54.939759,-5.297341,-5.989082,1748.529663,0.212067,-0.391612,-0.269738,-0.853761,50.00,PERSP,36.00,24.00
64,hotspot,0064.png,D:\BaiduNetdiskDownload\fire\Aqua_IRBatch250\images\0064.png,2025-01-01T00:21:15.180723,-5.138595,-6.124514,1748.530273,0.223156,-0.388044,-0.274815,-0.850941,50.00,PERSP,36.00,24.00
65,hotspot,0065.png,D:\BaiduNetdiskDownload\fire\Aqua_IRBatch250\images\0065.png,2025-01-01T00:21:35.421687,-4.979659,-6.254480,1748.533447,0.234043,-0.384427,-0.279775,-0.848036,50.00,PERSP,36.00,24.00
66,hotspot,0066.png,D:\BaiduNetdiskDownload\fire\Aqua_IRBatch250\images\0066.png,2025-01-01T00:21:55.662651,-4.820216,-6.378109,1748.533081,0.244748,-0.380920,-0.284606,-0.844984,50.00,PERSP,36.00,24.00
67,hotspot,0067.png,D:\BaiduNetdiskDownload\fire\Aqua_IRBatch250\images\0067.png,2025-01-01T00:22:15.903614,-4.660920,-6.495853,1748.534302,0.255208,-0.377371,-0.289306,-0.841880,50.00,PERSP,36.00,24.00
68,hotspot,0068.png,D:\BaiduNetdiskDownload\fire\Aqua_IRBatch250\images\0068.png,2025-01-01T00:22:36.144578,-4.499458,-6.606310,1748.533447,0.265371,-0.373658,-0.293871,-0.838808,50.00,PERSP,36.00,24.00
69,hotspot,0069.png,D:\BaiduNetdiskDownload\fire\Aqua_IRBatch250\images\0069.png,2025-01-01T00:22:56.385542,-4.343361,-6.712400,1748.537354,0.275368,-0.370300,-0.298293,-0.835507,50.00,PERSP,36.00,24.00
70,hotspot,0070.png,D:\BaiduNetdiskDownload\fire\Aqua_IRBatch250\images\0070.png,2025-01-01T00:23:16.626506,-4.186694,-6.811608,1748.535645,0.285065,-0.366874,-0.302573,-0.832221,50.00,PERSP,36.00,24.00
71,hotspot,0071.png,D:\BaiduNetdiskDownload\fire\Aqua_IRBatch250\images\0071.png,2025-01-01T00:23:36.867470,-4.031665,-6.904312,1748.536499,0.294442,-0.363337,-0.306703,-0.828989,50.00,PERSP,36.00,24.00
72,hotspot,0072.png,D:\BaiduNetdiskDownload\fire\Aqua_IRBatch250\images\0072.png,2025-01-01T00:23:57.108434,-3.876997,-6.991463,1748.538452,0.303547,-0.359902,-0.310685,-0.825714,50.00,PERSP,36.00,24.00
73,hotspot,0073.png,D:\BaiduNetdiskDownload\fire\Aqua_IRBatch250\images\0073.png,2025-01-01T00:24:17.349398,-3.727797,-7.072965,1748.538574,0.312380,-0.356593,-0.314523,-0.822396,50.00,PERSP,36.00,24.00
74,hotspot,0074.png,D:\BaiduNetdiskDownload\fire\Aqua_IRBatch250\images\0074.png,2025-01-01T00:24:37.590361,-3.579441,-7.148343,1748.539185,0.320908,-0.353304,-0.318211,-0.819107,50.00,PERSP,36.00,24.00
75,hotspot,0075.png,D:\BaiduNetdiskDownload\fire\Aqua_IRBatch250\images\0075.png,2025-01-01T00:24:57.831325,-3.434546,-7.219450,1748.540283,0.329137,-0.350070,-0.321752,-0.815840,50.00,PERSP,36.00,24.00
76,hotspot,0076.png,D:\BaiduNetdiskDownload\fire\Aqua_IRBatch250\images\0076.png,2025-01-01T00:25:18.072289,-3.294115,-7.285145,1748.543945,0.337093,-0.347003,-0.325156,-0.812546,50.00,PERSP,36.00,24.00
77,hotspot,0077.png,D:\BaiduNetdiskDownload\fire\Aqua_IRBatch250\images\0077.png,2025-01-01T00:25:38.313253,-3.157032,-7.346473,1748.548340,0.344741,-0.343955,-0.328414,-0.809317,50.00,PERSP,36.00,24.00
78,hotspot,0078.png,D:\BaiduNetdiskDownload\fire\Aqua_IRBatch250\images\0078.png,2025-01-01T00:25:58.554217,-3.021344,-7.402295,1748.569946,0.352073,-0.340887,-0.331522,-0.806185,50.00,PERSP,36.00,24.00
79,hotspot,0079.png,D:\BaiduNetdiskDownload\fire\Aqua_IRBatch250\images\0079.png,2025-01-01T00:26:18.795181,-2.892394,-7.454605,1748.599243,0.359141,-0.338012,-0.334506,-0.803039,50.00,PERSP,36.00,24.00
80,hotspot,0080.png,D:\BaiduNetdiskDownload\fire\Aqua_IRBatch250\images\0080.png,2025-01-01T00:26:39.036145,-2.764896,-7.501787,1748.630005,0.365909,-0.335151,-0.337348,-0.799988,50.00,PERSP,36.00,24.00
81,hotspot,0081.png,D:\BaiduNetdiskDownload\fire\Aqua_IRBatch250\images\0081.png,2025-01-01T00:26:59.277108,-2.642999,-7.546027,1748.664185,0.372400,-0.332394,-0.340062,-0.796988,50.00,PERSP,36.00,24.00
82,hotspot,0082.png,D:\BaiduNetdiskDownload\fire\Aqua_IRBatch250\images\0082.png,2025-01-01T00:27:19.518072,-2.524519,-7.586280,1748.699829,0.378620,-0.329743,-0.342652,-0.794044,50.00,PERSP,36.00,24.00
83,hotspot,0083.png,D:\BaiduNetdiskDownload\fire\Aqua_IRBatch250\images\0083.png,2025-01-01T00:27:39.759036,-2.410597,-7.623020,1748.735718,0.384567,-0.327158,-0.345117,-0.791183,50.00,PERSP,36.00,24.00
84,hotspot,0084.png,D:\BaiduNetdiskDownload\fire\Aqua_IRBatch250\images\0084.png,2025-01-01T00:28:00,-2.300928,-7.657006,1748.774658,0.390251,-0.324666,-0.347464,-0.788394,50.00,PERSP,36.00,24.00
85,hotspot,0085.png,D:\BaiduNetdiskDownload\fire\Aqua_IRBatch250\images\0085.png,2025-01-01T00:28:20.240964,-2.194295,-7.687860,1748.808838,0.395670,-0.322214,-0.349687,-0.785711,50.00,PERSP,36.00,24.00
86,hotspot,0086.png,D:\BaiduNetdiskDownload\fire\Aqua_IRBatch250\images\0086.png,2025-01-01T00:28:40.481928,-2.092944,-7.716531,1748.840698,0.400857,-0.319942,-0.351815,-0.783056,50.00,PERSP,36.00,24.00
87,hotspot,0087.png,D:\BaiduNetdiskDownload\fire\Aqua_IRBatch250\images\0087.png,2025-01-01T00:29:00.722892,-1.994781,-7.742353,1748.872070,0.405783,-0.317660,-0.353820,-0.780541,50.00,PERSP,36.00,24.00
88,hotspot,0088.png,D:\BaiduNetdiskDownload\fire\Aqua_IRBatch250\images\0088.png,2025-01-01T00:29:20.963855,-1.901934,-7.765422,1748.881104,0.410476,-0.315477,-0.355722,-0.778104,50.00,PERSP,36.00,24.00
89,hotspot,0089.png,D:\BaiduNetdiskDownload\fire\Aqua_IRBatch250\images\0089.png,2025-01-01T00:29:41.204819,-1.812361,-7.787258,1748.881958,0.414961,-0.313494,-0.357545,-0.775687,50.00,PERSP,36.00,24.00
90,hotspot,0090.png,D:\BaiduNetdiskDownload\fire\Aqua_IRBatch250\images\0090.png,2025-01-01T00:30:01.445783,-1.726683,-7.806624,1748.884766,0.419205,-0.311500,-0.359254,-0.773415,50.00,PERSP,36.00,24.00
91,hotspot,0091.png,D:\BaiduNetdiskDownload\fire\Aqua_IRBatch250\images\0091.png,2025-01-01T00:30:21.686747,-1.644328,-7.823808,1748.886841,0.423238,-0.309606,-0.360874,-0.771222,50.00,PERSP,36.00,24.00
92,hotspot,0092.png,D:\BaiduNetdiskDownload\fire\Aqua_IRBatch250\images\0092.png,2025-01-01T00:30:41.927711,-1.566812,-7.840422,1748.879883,0.427071,-0.307855,-0.362417,-0.769083,50.00,PERSP,36.00,24.00
93,hotspot,0093.png,D:\BaiduNetdiskDownload\fire\Aqua_IRBatch250\images\0093.png,2025-01-01T00:31:02.168675,-1.493142,-7.854947,1748.869751,0.430696,-0.306150,-0.363866,-0.767056,50.00,PERSP,36.00,24.00
94,hotspot,0094.png,D:\BaiduNetdiskDownload\fire\Aqua_IRBatch250\images\0094.png,2025-01-01T00:31:22.409639,-1.422700,-7.867431,1748.867310,0.434117,-0.304487,-0.365225,-0.765141,50.00,PERSP,36.00,24.00
95,hotspot,0095.png,D:\BaiduNetdiskDownload\fire\Aqua_IRBatch250\images\0095.png,2025-01-01T00:31:42.650602,-1.356436,-7.879250,1748.864624,0.437350,-0.302917,-0.366506,-0.763308,50.00,PERSP,36.00,24.00
96,hotspot,0096.png,D:\BaiduNetdiskDownload\fire\Aqua_IRBatch250\images\0096.png,2025-01-01T00:32:02.891566,-1.292584,-7.890263,1748.869995,0.440403,-0.301456,-0.367718,-0.761546,50.00,PERSP,36.00,24.00
97,hotspot,0097.png,D:\BaiduNetdiskDownload\fire\Aqua_IRBatch250\images\0097.png,2025-01-01T00:32:23.132530,-1.232507,-7.899139,1748.874146,0.443274,-0.300055,-0.368852,-0.759884,50.00,PERSP,36.00,24.00
98,hotspot,0098.png,D:\BaiduNetdiskDownload\fire\Aqua_IRBatch250\images\0098.png,2025-01-01T00:32:43.373494,-1.177198,-7.908917,1748.894409,0.445985,-0.298817,-0.369934,-0.758257,50.00,PERSP,36.00,24.00
99,hotspot,0099.png,D:\BaiduNetdiskDownload\fire\Aqua_IRBatch250\images\0099.png,2025-01-01T00:33:03.614458,-1.123910,-7.916132,1748.904175,0.448514,-0.297566,-0.370927,-0.756771,50.00,PERSP,36.00,24.00
100,hotspot,0100.png,D:\BaiduNetdiskDownload\fire\Aqua_IRBatch250\images\0100.png,2025-01-01T00:33:23.855422,-1.074982,-7.923158,1748.907593,0.450886,-0.296438,-0.371865,-0.755343,50.00,PERSP,36.00,24.00
101,lowsnr,0101.png,D:\BaiduNetdiskDownload\fire\Aqua_IRBatch250\images\0101.png,2025-01-01T00:33:44.096386,-1.027641,-7.928711,1748.912476,0.453078,-0.295253,-0.372708,-0.754079,50.00,PERSP,36.00,24.00
102,lowsnr,0102.png,D:\BaiduNetdiskDownload\fire\Aqua_IRBatch250\images\0102.png,2025-01-01T00:34:04.337349,-0.984066,-7.934360,1748.923462,0.455135,-0.294264,-0.373517,-0.752825,50.00,PERSP,36.00,24.00
103,lowsnr,0103.png,D:\BaiduNetdiskDownload\fire\Aqua_IRBatch250\images\0103.png,2025-01-01T00:34:24.578313,-0.944227,-7.938751,1748.946899,0.457027,-0.293257,-0.374246,-0.751709,50.00,PERSP,36.00,24.00
104,lowsnr,0104.png,D:\BaiduNetdiskDownload\fire\Aqua_IRBatch250\images\0104.png,2025-01-01T00:34:44.819277,-0.907392,-7.942501,1748.956543,0.458785,-0.292400,-0.374935,-0.750628,50.00,PERSP,36.00,24.00
105,lowsnr,0105.png,D:\BaiduNetdiskDownload\fire\Aqua_IRBatch250\images\0105.png,2025-01-01T00:35:05.060241,-0.873627,-7.947366,1748.970947,0.460401,-0.291624,-0.375570,-0.749623,50.00,PERSP,36.00,24.00
106,lowsnr,0106.png,D:\BaiduNetdiskDownload\fire\Aqua_IRBatch250\images\0106.png,2025-01-01T00:35:25.301205,-0.842741,-7.951021,1748.984497,0.461882,-0.290954,-0.376159,-0.748676,50.00,PERSP,36.00,24.00
107,lowsnr,0107.png,D:\BaiduNetdiskDownload\fire\Aqua_IRBatch250\images\0107.png,2025-01-01T00:35:45.542169,-0.813864,-7.953228,1748.996826,0.463207,-0.290219,-0.376662,-0.747889,50.00,PERSP,36.00,24.00
108,lowsnr,0108.png,D:\BaiduNetdiskDownload\fire\Aqua_IRBatch250\images\0108.png,2025-01-01T00:36:05.783133,-0.788485,-7.956172,1749.001953,0.464410,-0.289631,-0.377132,-0.747133,50.00,PERSP,36.00,24.00
109,lowsnr,0109.png,D:\BaiduNetdiskDownload\fire\Aqua_IRBatch250\images\0109.png,2025-01-01T00:36:26.024096,-0.765955,-7.958497,1749.015991,0.465480,-0.289101,-0.377549,-0.746462,50.00,PERSP,36.00,24.00
110,lowsnr,0110.png,D:\BaiduNetdiskDownload\fire\Aqua_IRBatch250\images\0110.png,2025-01-01T00:36:46.265060,-0.745669,-7.960372,1749.037231,0.466415,-0.288592,-0.377904,-0.745896,50.00,PERSP,36.00,24.00
111,lowsnr,0111.png,D:\BaiduNetdiskDownload\fire\Aqua_IRBatch250\images\0111.png,2025-01-01T00:37:06.506024,-0.728154,-7.962093,1749.054565,0.467235,-0.288229,-0.378232,-0.745356,50.00,PERSP,36.00,24.00
112,lowsnr,0112.png,D:\BaiduNetdiskDownload\fire\Aqua_IRBatch250\images\0112.png,2025-01-01T00:37:26.746988,-0.712679,-7.963037,1749.071777,0.467914,-0.287817,-0.378482,-0.744962,50.00,PERSP,36.00,24.00
113,lowsnr,0113.png,D:\BaiduNetdiskDownload\fire\Aqua_IRBatch250\images\0113.png,2025-01-01T00:37:46.987952,-0.701211,-7.964769,1749.077148,0.468489,-0.287601,-0.378719,-0.744564,50.00,PERSP,36.00,24.00
114,lowsnr,0114.png,D:\BaiduNetdiskDownload\fire\Aqua_IRBatch250\images\0114.png,2025-01-01T00:38:07.228916,-0.692394,-7.965680,1749.087036,0.468931,-0.287358,-0.378886,-0.744294,50.00,PERSP,36.00,24.00
115,lowsnr,0115.png,D:\BaiduNetdiskDownload\fire\Aqua_IRBatch250\images\0115.png,2025-01-01T00:38:27.469880,-0.684994,-7.965356,1749.097046,0.469248,-0.287150,-0.379000,-0.744117,50.00,PERSP,36.00,24.00
116,lowsnr,0116.png,D:\BaiduNetdiskDownload\fire\Aqua_IRBatch250\images\0116.png,2025-01-01T00:38:47.710843,-0.680634,-7.966460,1749.102173,0.469460,-0.287094,-0.379092,-0.743958,50.00,PERSP,36.00,24.00
117,lowsnr,0117.png,D:\BaiduNetdiskDownload\fire\Aqua_IRBatch250\images\0117.png,2025-01-01T00:39:07.951807,-0.678373,-7.966356,1749.107666,0.469543,-0.287027,-0.379119,-0.743917,50.00,PERSP,36.00,24.00
118,lowsnr,0118.png,D:\BaiduNetdiskDownload\fire\Aqua_IRBatch250\images\0118.png,2025-01-01T00:39:28.192771,-0.679805,-7.966403,1749.108643,0.469515,-0.287053,-0.379111,-0.743930,50.00,PERSP,36.00,24.00
119,lowsnr,0119.png,D:\BaiduNetdiskDownload\fire\Aqua_IRBatch250\images\0119.png,2025-01-01T00:39:48.433735,-0.683421,-7.966387,1749.109253,0.469381,-0.287214,-0.379077,-0.743969,50.00,PERSP,36.00,24.00
120,lowsnr,0120.png,D:\BaiduNetdiskDownload\fire\Aqua_IRBatch250\images\0120.png,2025-01-01T00:40:08.674699,-0.688509,-7.966346,1749.111450,0.469110,-0.287293,-0.378961,-0.744169,50.00,PERSP,36.00,24.00
121,lowsnr,0121.png,D:\BaiduNetdiskDownload\fire\Aqua_IRBatch250\images\0121.png,2025-01-01T00:40:28.915663,-0.696581,-7.964465,1749.110718,0.468723,-0.287424,-0.378799,-0.744445,50.00,PERSP,36.00,24.00
122,lowsnr,0122.png,D:\BaiduNetdiskDownload\fire\Aqua_IRBatch250\images\0122.png,2025-01-01T00:40:49.156627,-0.706357,-7.963696,1749.112061,0.468225,-0.287653,-0.378602,-0.744769,50.00,PERSP,36.00,24.00
123,lowsnr,0123.png,D:\BaiduNetdiskDownload\fire\Aqua_IRBatch250\images\0123.png,2025-01-01T00:41:09.397590,-0.719891,-7.963643,1749.111328,0.467627,-0.288040,-0.378387,-0.745105,50.00,PERSP,36.00,24.00
124,lowsnr,0124.png,D:\BaiduNetdiskDownload\fire\Aqua_IRBatch250\images\0124.png,2025-01-01T00:41:29.638554,-0.736174,-7.961964,1749.110474,0.466905,-0.288435,-0.378113,-0.745544,50.00,PERSP,36.00,24.00
125,lowsnr,0125.png,D:\BaiduNetdiskDownload\fire\Aqua_IRBatch250\images\0125.png,2025-01-01T00:41:49.879518,-0.753839,-7.959515,1749.105591,0.466055,-0.288814,-0.377774,-0.746100,50.00,PERSP,36.00,24.00
126,lowsnr,0126.png,D:\BaiduNetdiskDownload\fire\Aqua_IRBatch250\images\0126.png,2025-01-01T00:42:10.120482,-0.774431,-7.957907,1749.094238,0.465100,-0.289326,-0.377409,-0.746683,50.00,PERSP,36.00,24.00
127,lowsnr,0127.png,D:\BaiduNetdiskDownload\fire\Aqua_IRBatch250\images\0127.png,2025-01-01T00:42:30.361446,-0.796447,-7.954820,1749.090454,0.464008,-0.289773,-0.376967,-0.747412,50.00,PERSP,36.00,24.00
128,lowsnr,0128.png,D:\BaiduNetdiskDownload\fire\Aqua_IRBatch250\images\0128.png,2025-01-01T00:42:50.602410,-0.821303,-7.952715,1749.083984,0.462815,-0.290397,-0.376508,-0.748140,50.00,PERSP,36.00,24.00
129,lowsnr,0129.png,D:\BaiduNetdiskDownload\fire\Aqua_IRBatch250\images\0129.png,2025-01-01T00:43:10.843373,-0.849811,-7.949817,1749.074585,0.461499,-0.291060,-0.375997,-0.748952,50.00,PERSP,36.00,24.00
130,lowsnr,0130.png,D:\BaiduNetdiskDownload\fire\Aqua_IRBatch250\images\0130.png,2025-01-01T00:43:31.084337,-0.880771,-7.946387,1749.059204,0.460063,-0.291792,-0.375440,-0.749829,50.00,PERSP,36.00,24.00
131,lowsnr,0131.png,D:\BaiduNetdiskDownload\fire\Aqua_IRBatch250\images\0131.png,2025-01-01T00:43:51.325301,-0.914351,-7.942678,1749.047485,0.458509,-0.292614,-0.374843,-0.750759,50.00,PERSP,36.00,24.00
132,lowsnr,0132.png,D:\BaiduNetdiskDownload\fire\Aqua_IRBatch250\images\0132.png,2025-01-01T00:44:11.566265,-0.949163,-7.938264,1749.031372,0.456814,-0.293392,-0.374170,-0.751824,50.00,PERSP,36.00,24.00
133,lowsnr,0133.png,D:\BaiduNetdiskDownload\fire\Aqua_IRBatch250\images\0133.png,2025-01-01T00:44:31.807229,-0.987084,-7.933458,1749.019165,0.455008,-0.294321,-0.373469,-0.752904,50.00,PERSP,36.00,24.00
134,lowsnr,0134.png,D:\BaiduNetdiskDownload\fire\Aqua_IRBatch250\images\0134.png,2025-01-01T00:44:52.048193,-1.028576,-7.928996,1749.005127,0.453076,-0.295332,-0.372722,-0.754042,50.00,PERSP,36.00,24.00
135,lowsnr,0135.png,D:\BaiduNetdiskDownload\fire\Aqua_IRBatch250\images\0135.png,2025-01-01T00:45:12.289157,-1.071440,-7.922612,1748.990723,0.450995,-0.296277,-0.371893,-0.755327,50.00,PERSP,36.00,24.00
136,lowsnr,0136.png,D:\BaiduNetdiskDownload\fire\Aqua_IRBatch250\images\0136.png,2025-01-01T00:45:32.530120,-1.117661,-7.917129,1748.949463,0.448799,-0.297394,-0.371035,-0.756617,50.00,PERSP,36.00,24.00
137,lowsnr,0137.png,D:\BaiduNetdiskDownload\fire\Aqua_IRBatch250\images\0137.png,2025-01-01T00:45:52.771084,-1.167122,-7.909440,1748.836182,0.446463,-0.298538,-0.370114,-0.757999,50.00,PERSP,36.00,24.00
138,lowsnr,0138.png,D:\BaiduNetdiskDownload\fire\Aqua_IRBatch250\images\0138.png,2025-01-01T00:46:13.012048,-1.219159,-7.901655,1748.714233,0.443996,-0.299783,-0.369145,-0.759427,50.00,PERSP,36.00,24.00
139,lowsnr,0139.png,D:\BaiduNetdiskDownload\fire\Aqua_IRBatch250\images\0139.png,2025-01-01T00:46:33.253012,-1.272418,-7.892731,1748.595459,0.441373,-0.300996,-0.368097,-0.760983,50.00,PERSP,36.00,24.00
140,lowsnr,0140.png,D:\BaiduNetdiskDownload\fire\Aqua_IRBatch250\images\0140.png,2025-01-01T00:46:53.493976,-1.329318,-7.882905,1748.493652,0.438609,-0.302285,-0.366994,-0.762602,50.00,PERSP,36.00,24.00
141,lowsnr,0141.png,D:\BaiduNetdiskDownload\fire\Aqua_IRBatch250\images\0141.png,2025-01-01T00:47:13.734940,-1.389663,-7.873696,1748.373291,0.435715,-0.303731,-0.365850,-0.764234,50.00,PERSP,36.00,24.00
142,lowsnr,0142.png,D:\BaiduNetdiskDownload\fire\Aqua_IRBatch250\images\0142.png,2025-01-01T00:47:33.975904,-1.453364,-7.861972,1748.256836,0.432670,-0.305227,-0.364641,-0.765944,50.00,PERSP,36.00,24.00
143,lowsnr,0143.png,D:\BaiduNetdiskDownload\fire\Aqua_IRBatch250\images\0143.png,2025-01-01T00:47:54.216867,-1.518395,-7.849345,1748.141602,0.429453,-0.306684,-0.363346,-0.767786,50.00,PERSP,36.00,24.00
144,lowsnr,0144.png,D:\BaiduNetdiskDownload\fire\Aqua_IRBatch250\images\0144.png,2025-01-01T00:48:14.457831,-1.587318,-7.836149,1748.041016,0.426096,-0.308298,-0.362004,-0.769641,50.00,PERSP,36.00,24.00
145,lowsnr,0145.png,D:\BaiduNetdiskDownload\fire\Aqua_IRBatch250\images\0145.png,2025-01-01T00:48:34.698795,-1.658645,-7.821387,1747.932007,0.422574,-0.309942,-0.360588,-0.771585,50.00,PERSP,36.00,24.00
146,lowsnr,0146.png,D:\BaiduNetdiskDownload\fire\Aqua_IRBatch250\images\0146.png,2025-01-01T00:48:54.939759,-1.732885,-7.804631,1747.855347,0.418885,-0.311627,-0.359098,-0.773610,50.00,PERSP,36.00,24.00
147,lowsnr,0147.png,D:\BaiduNetdiskDownload\fire\Aqua_IRBatch250\images\0147.png,2025-01-01T00:49:15.180723,-1.810416,-7.787447,1747.854004,0.415040,-0.313440,-0.357551,-0.775664,50.00,PERSP,36.00,24.00
148,lowsnr,0148.png,D:\BaiduNetdiskDownload\fire\Aqua_IRBatch250\images\0148.png,2025-01-01T00:49:35.421687,-1.891173,-7.768270,1747.854858,0.411013,-0.315254,-0.355917,-0.777821,50.00,PERSP,36.00,24.00
149,lowsnr,0149.png,D:\BaiduNetdiskDownload\fire\Aqua_IRBatch250\images\0149.png,2025-01-01T00:49:55.662651,-1.973956,-7.746625,1747.862549,0.406818,-0.317173,-0.354215,-0.780020,50.00,PERSP,36.00,24.00
150,lowsnr,0150.png,D:\BaiduNetdiskDownload\fire\Aqua_IRBatch250\images\0150.png,2025-01-01T00:50:15.903614,-2.061935,-7.725075,1747.841187,0.402458,-0.319217,-0.352445,-0.782247,50.00,PERSP,36.00,24.00
151,lowres,0151.png,D:\BaiduNetdiskDownload\fire\Aqua_IRBatch250\images\0151.png,2025-01-01T00:50:36.144578,-2.150664,-7.700582,1747.845093,0.397889,-0.321195,-0.350572,-0.784613,24.00,PERSP,36.00,24.00
152,lowres,0152.png,D:\BaiduNetdiskDownload\fire\Aqua_IRBatch250\images\0152.png,2025-01-01T00:50:56.385542,-2.243569,-7.673240,1747.846924,0.393147,-0.323301,-0.348627,-0.787001,24.00,PERSP,36.00,24.00
153,lowres,0153.png,D:\BaiduNetdiskDownload\fire\Aqua_IRBatch250\images\0153.png,2025-01-01T00:51:16.626506,-2.339396,-7.644760,1747.847900,0.388213,-0.325461,-0.346596,-0.789454,24.00,PERSP,36.00,24.00
154,lowres,0154.png,D:\BaiduNetdiskDownload\fire\Aqua_IRBatch250\images\0154.png,2025-01-01T00:51:36.867470,-2.438184,-7.613716,1747.835938,0.383091,-0.327712,-0.344481,-0.791946,24.00,PERSP,36.00,24.00
155,lowres,0155.png,D:\BaiduNetdiskDownload\fire\Aqua_IRBatch250\images\0155.png,2025-01-01T00:51:57.108434,-2.539845,-7.579919,1747.840088,0.377768,-0.330006,-0.342273,-0.794504,24.00,PERSP,36.00,24.00
156,lowres,0156.png,D:\BaiduNetdiskDownload\fire\Aqua_IRBatch250\images\0156.png,2025-01-01T00:52:17.349398,-2.645847,-7.544698,1747.844238,0.372262,-0.332440,-0.339985,-0.797067,24.00,PERSP,36.00,24.00
157,lowres,0157.png,D:\BaiduNetdiskDownload\fire\Aqua_IRBatch250\images\0157.png,2025-01-01T00:52:37.590361,-2.753314,-7.505300,1747.842773,0.366528,-0.334826,-0.337587,-0.799739,24.00,PERSP,36.00,24.00
158,lowres,0158.png,D:\BaiduNetdiskDownload\fire\Aqua_IRBatch250\images\0158.png,2025-01-01T00:52:57.831325,-2.864148,-7.464667,1747.843384,0.360605,-0.337348,-0.335103,-0.802413,24.00,PERSP,36.00,24.00
159,lowres,0159.png,D:\BaiduNetdiskDownload\fire\Aqua_IRBatch250\images\0159.png,2025-01-01T00:53:18.072289,-2.976932,-7.419289,1747.837769,0.354452,-0.339833,-0.332510,-0.805180,24.00,PERSP,36.00,24.00
160,lowres,0160.png,D:\BaiduNetdiskDownload\fire\Aqua_IRBatch250\images\0160.png,2025-01-01T00:53:38.313253,-3.093894,-7.371916,1747.845459,0.348113,-0.342484,-0.329829,-0.807920,24.00,PERSP,36.00,24.00
161,lowres,0161.png,D:\BaiduNetdiskDownload\fire\Aqua_IRBatch250\images\0161.png,2025-01-01T00:53:58.554217,-3.213324,-7.320651,1747.837769,0.341558,-0.345173,-0.327044,-0.810701,24.00,PERSP,36.00,24.00
162,lowres,0162.png,D:\BaiduNetdiskDownload\fire\Aqua_IRBatch250\images\0162.png,2025-01-01T00:54:18.795181,-3.334843,-7.265683,1747.835205,0.334768,-0.347827,-0.324147,-0.813557,24.00,PERSP,36.00,24.00
163,lowres,0163.png,D:\BaiduNetdiskDownload\fire\Aqua_IRBatch250\images\0163.png,2025-01-01T00:54:39.036145,-3.458830,-7.207773,1747.830200,0.327791,-0.350647,-0.321156,-0.816369,24.00,PERSP,36.00,24.00
164,lowres,0164.png,D:\BaiduNetdiskDownload\fire\Aqua_IRBatch250\images\0164.png,2025-01-01T00:54:59.277108,-3.585570,-7.145875,1747.828369,0.320574,-0.353411,-0.318052,-0.819253,24.00,PERSP,36.00,24.00
165,lowres,0165.png,D:\BaiduNetdiskDownload\fire\Aqua_IRBatch250\images\0165.png,2025-01-01T00:55:19.518072,-3.714913,-7.079990,1747.819580,0.313171,-0.356328,-0.314848,-0.822086,24.00,PERSP,36.00,24.00
166,lowres,0166.png,D:\BaiduNetdiskDownload\fire\Aqua_IRBatch250\images\0166.png,2025-01-01T00:55:39.759036,-3.844233,-7.010022,1747.815186,0.305544,-0.359237,-0.311533,-0.824948,24.00,PERSP,36.00,24.00
167,lowres,0167.png,D:\BaiduNetdiskDownload\fire\Aqua_IRBatch250\images\0167.png,2025-01-01T00:56:00,-3.976708,-6.935403,1747.805908,0.297694,-0.362136,-0.308110,-0.827831,24.00,PERSP,36.00,24.00
168,lowres,0168.png,D:\BaiduNetdiskDownload\fire\Aqua_IRBatch250\images\0168.png,2025-01-01T00:56:20.240964,-4.109844,-6.856797,1747.797974,0.289646,-0.365100,-0.304581,-0.830685,24.00,PERSP,36.00,24.00
169,lowres,0169.png,D:\BaiduNetdiskDownload\fire\Aqua_IRBatch250\images\0169.png,2025-01-01T00:56:40.481928,-4.247785,-6.774678,1747.792847,0.281424,-0.368198,-0.300949,-0.833463,24.00,PERSP,36.00,24.00
170,lowres,0170.png,D:\BaiduNetdiskDownload\fire\Aqua_IRBatch250\images\0170.png,2025-01-01T00:57:00.722892,-4.382214,-6.687337,1747.787354,0.272964,-0.371174,-0.297208,-0.836294,24.00,PERSP,36.00,24.00
171,lowres,0171.png,D:\BaiduNetdiskDownload\fire\Aqua_IRBatch250\images\0171.png,2025-01-01T00:57:20.963855,-4.518493,-6.595250,1747.788452,0.264315,-0.374175,-0.293366,-0.839087,24.00,PERSP,36.00,24.00
172,lowres,0172.png,D:\BaiduNetdiskDownload\fire\Aqua_IRBatch250\images\0172.png,2025-01-01T00:57:41.204819,-4.656073,-6.498796,1747.789185,0.255504,-0.377271,-0.289422,-0.841795,24.00,PERSP,36.00,24.00
173,lowres,0173.png,D:\BaiduNetdiskDownload\fire\Aqua_IRBatch250\images\0173.png,2025-01-01T00:58:01.445783,-4.794137,-6.397974,1747.787354,0.246502,-0.380320,-0.285380,-0.844483,24.00,PERSP,36.00,24.00
174,lowres,0174.png,D:\BaiduNetdiskDownload\fire\Aqua_IRBatch250\images\0174.png,2025-01-01T00:58:21.686747,-4.930490,-6.292501,1747.785400,0.237328,-0.383355,-0.281244,-0.847122,24.00,PERSP,36.00,24.00
175,lowres,0175.png,D:\BaiduNetdiskDownload\fire\Aqua_IRBatch250\images\0175.png,2025-01-01T00:58:41.927711,-5.068975,-6.183041,1747.783936,0.228021,-0.386463,-0.277014,-0.849656,24.00,PERSP,36.00,24.00
176,lowres,0176.png,D:\BaiduNetdiskDownload\fire\Aqua_IRBatch250\images\0176.png,2025-01-01T00:59:02.168675,-5.202597,-6.068264,1747.781250,0.218511,-0.389377,-0.272706,-0.852215,24.00,PERSP,36.00,24.00
177,lowres,0177.png,D:\BaiduNetdiskDownload\fire\Aqua_IRBatch250\images\0177.png,2025-01-01T00:59:22.409639,-5.339741,-5.949975,1747.777832,0.208954,-0.392541,-0.268302,-0.854555,24.00,PERSP,36.00,24.00
178,lowres,0178.png,D:\BaiduNetdiskDownload\fire\Aqua_IRBatch250\images\0178.png,2025-01-01T00:59:42.650602,-5.473628,-5.827176,1747.778564,0.199249,-0.395591,-0.263827,-0.856857,24.00,PERSP,36.00,24.00
179,lowres,0179.png,D:\BaiduNetdiskDownload\fire\Aqua_IRBatch250\images\0179.png,2025-01-01T01:00:02.891566,-5.605965,-5.700485,1747.779541,0.189437,-0.398603,-0.259281,-0.859071,24.00,PERSP,36.00,24.00
180,lowres,0180.png,D:\BaiduNetdiskDownload\fire\Aqua_IRBatch250\images\0180.png,2025-01-01T01:00:23.132530,-5.734768,-5.569664,1747.780518,0.179490,-0.401445,-0.254684,-0.861256,24.00,PERSP,36.00,24.00
181,lowres,0181.png,D:\BaiduNetdiskDownload\fire\Aqua_IRBatch250\images\0181.png,2025-01-01T01:00:43.373494,-5.863358,-5.435521,1747.784668,0.169544,-0.404467,-0.250010,-0.863225,24.00,PERSP,36.00,24.00
182,lowres,0182.png,D:\BaiduNetdiskDownload\fire\Aqua_IRBatch250\images\0182.png,2025-01-01T01:01:03.614458,-5.988222,-5.297805,1747.782593,0.159491,-0.407299,-0.245301,-0.865158,24.00,PERSP,36.00,24.00
183,lowres,0183.png,D:\BaiduNetdiskDownload\fire\Aqua_IRBatch250\images\0183.png,2025-01-01T01:01:23.855422,-6.109818,-5.157164,1747.786377,0.149451,-0.410226,-0.240532,-0.866905,24.00,PERSP,36.00,24.00
184,lowres,0184.png,D:\BaiduNetdiskDownload\fire\Aqua_IRBatch250\images\0184.png,2025-01-01T01:01:44.096386,-6.227394,-5.013485,1747.784302,0.139318,-0.412909,-0.235754,-0.868629,24.00,PERSP,36.00,24.00
185,lowres,0185.png,D:\BaiduNetdiskDownload\fire\Aqua_IRBatch250\images\0185.png,2025-01-01T01:02:04.337349,-6.343910,-4.867570,1747.785400,0.129251,-0.415720,-0.230924,-0.870141,24.00,PERSP,36.00,24.00
186,lowres,0186.png,D:\BaiduNetdiskDownload\fire\Aqua_IRBatch250\images\0186.png,2025-01-01T01:02:24.578313,-6.453950,-4.718973,1747.786133,0.119117,-0.418261,-0.226108,-0.871633,24.00,PERSP,36.00,24.00
187,lowres,0187.png,D:\BaiduNetdiskDownload\fire\Aqua_IRBatch250\images\0187.png,2025-01-01T01:02:44.819277,-6.561336,-4.569005,1747.787354,0.109077,-0.420904,-0.221257,-0.872919,24.00,PERSP,36.00,24.00
188,lowres,0188.png,D:\BaiduNetdiskDownload\fire\Aqua_IRBatch250\images\0188.png,2025-01-01T01:03:05.060241,-6.661901,-4.417295,1747.791504,0.098987,-0.423231,-0.216450,-0.874200,24.00,PERSP,36.00,24.00
189,lowres,0189.png,D:\BaiduNetdiskDownload\fire\Aqua_IRBatch250\images\0189.png,2025-01-01T01:03:25.301205,-6.761915,-4.264612,1747.789551,0.089104,-0.425852,-0.211581,-0.875182,24.00,PERSP,36.00,24.00
190,lowres,0190.png,D:\BaiduNetdiskDownload\fire\Aqua_IRBatch250\images\0190.png,2025-01-01T01:03:45.542169,-6.856401,-4.110793,1747.793213,0.079179,-0.428094,-0.206790,-0.876187,24.00,PERSP,36.00,24.00
191,lowres,0191.png,D:\BaiduNetdiskDownload\fire\Aqua_IRBatch250\images\0191.png,2025-01-01T01:04:05.783133,-6.945609,-3.956903,1747.791138,0.069409,-0.430409,-0.201991,-0.877000,24.00,PERSP,36.00,24.00
192,lowres,0192.png,D:\BaiduNetdiskDownload\fire\Aqua_IRBatch250\images\0192.png,2025-01-01T01:04:26.024096,-7.032593,-3.802728,1747.801147,0.059739,-0.432627,-0.197228,-0.877705,24.00,PERSP,36.00,24.00
193,lowres,0193.png,D:\BaiduNetdiskDownload\fire\Aqua_IRBatch250\images\0193.png,2025-01-01T01:04:46.265060,-7.113905,-3.648482,1747.799072,0.050205,-0.434795,-0.192497,-0.878281,24.00,PERSP,36.00,24.00
194,lowres,0194.png,D:\BaiduNetdiskDownload\fire\Aqua_IRBatch250\images\0194.png,2025-01-01T01:05:06.506024,-7.189783,-3.495375,1747.806274,0.040766,-0.436789,-0.187836,-0.878790,24.00,PERSP,36.00,24.00
195,lowres,0195.png,D:\BaiduNetdiskDownload\fire\Aqua_IRBatch250\images\0195.png,2025-01-01T01:05:26.746988,-7.261801,-3.343004,1747.812744,0.031471,-0.438700,-0.183230,-0.879192,24.00,PERSP,36.00,24.00
196,lowres,0196.png,D:\BaiduNetdiskDownload\fire\Aqua_IRBatch250\images\0196.png,2025-01-01T01:05:46.987952,-7.331017,-3.191440,1747.814087,0.022379,-0.440634,-0.178655,-0.879445,24.00,PERSP,36.00,24.00
197,lowres,0197.png,D:\BaiduNetdiskDownload\fire\Aqua_IRBatch250\images\0197.png,2025-01-01T01:06:07.228916,-7.392612,-3.041537,1747.818115,0.013416,-0.442402,-0.174170,-0.879639,24.00,PERSP,36.00,24.00
198,lowres,0198.png,D:\BaiduNetdiskDownload\fire\Aqua_IRBatch250\images\0198.png,2025-01-01T01:06:27.469880,-7.453294,-2.893296,1747.830566,0.004667,-0.444179,-0.169729,-0.879702,24.00,PERSP,36.00,24.00
199,lowres,0199.png,D:\BaiduNetdiskDownload\fire\Aqua_IRBatch250\images\0199.png,2025-01-01T01:06:47.710843,-7.507740,-2.747665,1747.850342,0.003949,0.445767,0.165398,0.879727,24.00,PERSP,36.00,24.00
200,lowres,0200.png,D:\BaiduNetdiskDownload\fire\Aqua_IRBatch250\images\0200.png,2025-01-01T01:07:07.951807,-7.558726,-2.603363,1747.849731,0.012336,0.447362,0.161120,0.879634,24.00,PERSP,36.00,24.00
201,normal_ref,0201.png,D:\BaiduNetdiskDownload\fire\Aqua_IRBatch250\images\0201.png,2025-01-01T01:07:28.192771,-7.605836,-2.462005,1747.870483,0.020571,0.448792,0.156957,0.879504,50.00,PERSP,36.00,24.00
202,normal_ref,0202.png,D:\BaiduNetdiskDownload\fire\Aqua_IRBatch250\images\0202.png,2025-01-01T01:07:48.433735,-7.650576,-2.322782,1747.870850,0.028554,0.450258,0.152844,0.879256,50.00,PERSP,36.00,24.00
203,normal_ref,0203.png,D:\BaiduNetdiskDownload\fire\Aqua_IRBatch250\images\0203.png,2025-01-01T01:08:08.674699,-7.689528,-2.186740,1747.886475,0.036383,0.451551,0.148856,0.878988,50.00,PERSP,36.00,24.00
204,normal_ref,0204.png,D:\BaiduNetdiskDownload\fire\Aqua_IRBatch250\images\0204.png,2025-01-01T01:08:28.915663,-7.726338,-2.054020,1747.906372,0.043992,0.452805,0.144952,0.878647,50.00,PERSP,36.00,24.00
205,normal_ref,0205.png,D:\BaiduNetdiskDownload\fire\Aqua_IRBatch250\images\0205.png,2025-01-01T01:08:49.156627,-7.760391,-1.923389,1747.909912,0.051345,0.454087,0.141107,0.878213,50.00,PERSP,36.00,24.00
206,normal_ref,0206.png,D:\BaiduNetdiskDownload\fire\Aqua_IRBatch250\images\0206.png,2025-01-01T01:09:09.397590,-7.790106,-1.796461,1747.913574,0.058571,0.455137,0.137423,0.877801,50.00,PERSP,36.00,24.00
207,normal_ref,0207.png,D:\BaiduNetdiskDownload\fire\Aqua_IRBatch250\images\0207.png,2025-01-01T01:09:29.638554,-7.817101,-1.672095,1747.917969,0.065557,0.456187,0.133814,0.877320,50.00,PERSP,36.00,24.00
208,normal_ref,0208.png,D:\BaiduNetdiskDownload\fire\Aqua_IRBatch250\images\0208.png,2025-01-01T01:09:49.879518,-7.842415,-1.550958,1747.921509,0.072287,0.457267,0.130268,0.876762,50.00,PERSP,36.00,24.00
209,normal_ref,0209.png,D:\BaiduNetdiskDownload\fire\Aqua_IRBatch250\images\0209.png,2025-01-01T01:10:10.120482,-7.864820,-1.433713,1747.926147,0.078823,0.458259,0.126833,0.876184,50.00,PERSP,36.00,24.00
210,normal_ref,0210.png,D:\BaiduNetdiskDownload\fire\Aqua_IRBatch250\images\0210.png,2025-01-01T01:10:30.361446,-7.885326,-1.319506,1747.931030,0.085153,0.459188,0.123502,0.875581,50.00,PERSP,36.00,24.00
211,normal_ref,0211.png,D:\BaiduNetdiskDownload\fire\Aqua_IRBatch250\images\0211.png,2025-01-01T01:10:50.602410,-7.902604,-1.209096,1747.924194,0.091304,0.460010,0.120295,0.874976,50.00,PERSP,36.00,24.00
212,normal_ref,0212.png,D:\BaiduNetdiskDownload\fire\Aqua_IRBatch250\images\0212.png,2025-01-01T01:11:10.843373,-7.918364,-1.101344,1747.922852,0.097229,0.460823,0.117170,0.874334,50.00,PERSP,36.00,24.00
213,normal_ref,0213.png,D:\BaiduNetdiskDownload\fire\Aqua_IRBatch250\images\0213.png,2025-01-01T01:11:31.084337,-7.932794,-0.998150,1747.921387,0.102947,0.461594,0.114143,0.873673,50.00,PERSP,36.00,24.00
214,normal_ref,0214.png,D:\BaiduNetdiskDownload\fire\Aqua_IRBatch250\images\0214.png,2025-01-01T01:11:51.325301,-7.945325,-0.897044,1747.903320,0.108447,0.462349,0.111202,0.872987,50.00,PERSP,36.00,24.00
215,normal_ref,0215.png,D:\BaiduNetdiskDownload\fire\Aqua_IRBatch250\images\0215.png,2025-01-01T01:12:11.566265,-7.955244,-0.800494,1747.912964,0.113786,0.462993,0.108391,0.872320,50.00,PERSP,36.00,24.00
216,normal_ref,0216.png,D:\BaiduNetdiskDownload\fire\Aqua_IRBatch250\images\0216.png,2025-01-01T01:12:31.807229,-7.963173,-0.707078,1747.930054,0.118943,0.463571,0.105690,0.871656,50.00,PERSP,36.00,24.00
217,normal_ref,0217.png,D:\BaiduNetdiskDownload\fire\Aqua_IRBatch250\images\0217.png,2025-01-01T01:12:52.048193,-7.970957,-0.616700,1747.942871,0.123856,0.464205,0.103042,0.870951,50.00,PERSP,36.00,24.00
218,normal_ref,0218.png,D:\BaiduNetdiskDownload\fire\Aqua_IRBatch250\images\0218.png,2025-01-01T01:13:12.289157,-7.977223,-0.530024,1747.937866,0.128648,0.464676,0.100551,0.870296,50.00,PERSP,36.00,24.00
219,normal_ref,0219.png,D:\BaiduNetdiskDownload\fire\Aqua_IRBatch250\images\0219.png,2025-01-01T01:13:32.530120,-7.982298,-0.445959,1747.919800,0.133179,0.465247,0.098089,0.869590,50.00,PERSP,36.00,24.00
220,normal_ref,0220.png,D:\BaiduNetdiskDownload\fire\Aqua_IRBatch250\images\0220.png,2025-01-01T01:13:52.771084,-7.985578,-0.366260,1747.929932,0.137576,0.465697,0.095765,0.868923,50.00,PERSP,36.00,24.00
221,normal_ref,0221.png,D:\BaiduNetdiskDownload\fire\Aqua_IRBatch250\images\0221.png,2025-01-01T01:14:13.012048,-7.989999,-0.287701,1747.923096,0.141727,0.466232,0.093475,0.868219,50.00,PERSP,36.00,24.00
222,normal_ref,0222.png,D:\BaiduNetdiskDownload\fire\Aqua_IRBatch250\images\0222.png,2025-01-01T01:14:33.253012,-7.991274,-0.214649,1747.925903,0.145787,0.466584,0.091355,0.867583,50.00,PERSP,36.00,24.00
223,normal_ref,0223.png,D:\BaiduNetdiskDownload\fire\Aqua_IRBatch250\images\0223.png,2025-01-01T01:14:53.493976,-7.994122,-0.143590,1747.918335,0.149596,0.467046,0.089254,0.866904,50.00,PERSP,36.00,24.00
224,normal_ref,0224.png,D:\BaiduNetdiskDownload\fire\Aqua_IRBatch250\images\0224.png,2025-01-01T01:15:13.734940,-7.994662,-0.075616,1747.919312,0.153282,0.467396,0.087286,0.866271,50.00,PERSP,36.00,24.00
225,normal_ref,0225.png,D:\BaiduNetdiskDownload\fire\Aqua_IRBatch250\images\0225.png,2025-01-01T01:15:33.975904,-7.995071,-0.011012,1747.906982,0.156790,0.467741,0.085396,0.865646,50.00,PERSP,36.00,24.00
226,normal_ref,0226.png,D:\BaiduNetdiskDownload\fire\Aqua_IRBatch250\images\0226.png,2025-01-01T01:15:54.216867,-7.994342,0.050648,1747.887939,0.160129,0.468068,0.083589,0.865034,50.00,PERSP,36.00,24.00
227,normal_ref,0227.png,D:\BaiduNetdiskDownload\fire\Aqua_IRBatch250\images\0227.png,2025-01-01T01:16:14.457831,-7.994596,0.108986,1747.876953,0.163296,0.468391,0.081858,0.864432,50.00,PERSP,36.00,24.00
228,normal_ref,0228.png,D:\BaiduNetdiskDownload\fire\Aqua_IRBatch250\images\0228.png,2025-01-01T01:16:34.698795,-7.992318,0.164618,1747.865723,0.166353,0.468608,0.080256,0.863882,50.00,PERSP,36.00,24.00
229,normal_ref,0229.png,D:\BaiduNetdiskDownload\fire\Aqua_IRBatch250\images\0229.png,2025-01-01T01:16:54.939759,-7.990356,0.217307,1747.864014,0.169234,0.468841,0.078719,0.863337,50.00,PERSP,36.00,24.00
230,normal_ref,0230.png,D:\BaiduNetdiskDownload\fire\Aqua_IRBatch250\images\0230.png,2025-01-01T01:17:15.180723,-7.989692,0.267979,1747.850342,0.171927,0.469112,0.077233,0.862792,50.00,PERSP,36.00,24.00
231,normal_ref,0231.png,D:\BaiduNetdiskDownload\fire\Aqua_IRBatch250\images\0231.png,2025-01-01T01:17:35.421687,-7.988062,0.314663,1747.850708,0.174479,0.469348,0.075837,0.862275,50.00,PERSP,36.00,24.00
232,normal_ref,0232.png,D:\BaiduNetdiskDownload\fire\Aqua_IRBatch250\images\0232.png,2025-01-01T01:17:55.662651,-7.986465,0.359829,1747.845825,0.176869,0.469588,0.074508,0.861773,50.00,PERSP,36.00,24.00
233,normal_ref,0233.png,D:\BaiduNetdiskDownload\fire\Aqua_IRBatch250\images\0233.png,2025-01-01T01:18:15.903614,-7.984834,0.402526,1747.843872,0.179103,0.469829,0.073249,0.861288,50.00,PERSP,36.00,24.00
234,normal_ref,0234.png,D:\BaiduNetdiskDownload\fire\Aqua_IRBatch250\images\0234.png,2025-01-01T01:18:36.144578,-7.982620,0.441176,1747.842041,0.181256,0.469945,0.072130,0.860869,50.00,PERSP,36.00,24.00
235,normal_ref,0235.png,D:\BaiduNetdiskDownload\fire\Aqua_IRBatch250\images\0235.png,2025-01-01T01:18:56.385542,-7.980214,0.478510,1747.839355,0.183208,0.470145,0.071031,0.860438,50.00,PERSP,36.00,24.00
236,normal_ref,0236.png,D:\BaiduNetdiskDownload\fire\Aqua_IRBatch250\images\0236.png,2025-01-01T01:19:16.626506,-7.977746,0.511310,1747.840698,0.185089,0.470212,0.070077,0.860077,50.00,PERSP,36.00,24.00
237,normal_ref,0237.png,D:\BaiduNetdiskDownload\fire\Aqua_IRBatch250\images\0237.png,2025-01-01T01:19:36.867470,-7.977129,0.544062,1747.832642,0.186695,0.470495,0.069068,0.859656,50.00,PERSP,36.00,24.00
238,normal_ref,0238.png,D:\BaiduNetdiskDownload\fire\Aqua_IRBatch250\images\0238.png,2025-01-01T01:19:57.108434,-7.974660,0.573196,1747.836914,0.188258,0.470603,0.068227,0.859323,50.00,PERSP,36.00,24.00
239,normal_ref,0239.png,D:\BaiduNetdiskDownload\fire\Aqua_IRBatch250\images\0239.png,2025-01-01T01:20:17.349398,-7.973008,0.599291,1747.837646,0.189663,0.470735,0.067439,0.859004,50.00,PERSP,36.00,24.00
240,normal_ref,0240.png,D:\BaiduNetdiskDownload\fire\Aqua_IRBatch250\images\0240.png,2025-01-01T01:20:37.590361,-7.970293,0.621995,1747.841797,0.191015,0.470717,0.066805,0.858764,50.00,PERSP,36.00,24.00
241,normal_ref,0241.png,D:\BaiduNetdiskDownload\fire\Aqua_IRBatch250\images\0241.png,2025-01-01T01:20:57.831325,-7.962912,0.637848,1748.093018,0.192404,0.470306,0.066500,0.858703,50.00,PERSP,36.00,24.00
242,normal_ref,0242.png,D:\BaiduNetdiskDownload\fire\Aqua_IRBatch250\images\0242.png,2025-01-01T01:21:18.072289,-7.948910,0.643784,1748.705322,0.194023,0.469139,0.066753,0.858957,50.00,PERSP,36.00,24.00
243,normal_ref,0243.png,D:\BaiduNetdiskDownload\fire\Aqua_IRBatch250\images\0243.png,2025-01-01T01:21:38.313253,-7.923525,0.636231,1749.511353,0.196186,0.466738,0.067819,0.859690,50.00,PERSP,36.00,24.00
244,normal_ref,0244.png,D:\BaiduNetdiskDownload\fire\Aqua_IRBatch250\images\0244.png,2025-01-01T01:21:58.554217,-7.889052,0.617471,1750.376587,0.198685,0.463496,0.069452,0.860740,50.00,PERSP,36.00,24.00
245,normal_ref,0245.png,D:\BaiduNetdiskDownload\fire\Aqua_IRBatch250\images\0245.png,2025-01-01T01:22:18.795181,-7.846367,0.590202,1751.165283,0.201506,0.459478,0.071588,0.862062,50.00,PERSP,36.00,24.00
246,normal_ref,0246.png,D:\BaiduNetdiskDownload\fire\Aqua_IRBatch250\images\0246.png,2025-01-01T01:22:39.036145,-7.793530,0.550708,1751.856812,0.204821,0.454402,0.074378,0.863733,50.00,PERSP,36.00,24.00
247,normal_ref,0247.png,D:\BaiduNetdiskDownload\fire\Aqua_IRBatch250\images\0247.png,2025-01-01T01:22:59.277108,-7.727120,0.500134,1752.399902,0.208643,0.448253,0.077809,0.865727,50.00,PERSP,36.00,24.00
248,normal_ref,0248.png,D:\BaiduNetdiskDownload\fire\Aqua_IRBatch250\images\0248.png,2025-01-01T01:23:19.518072,-7.652557,0.439292,1752.763306,0.212854,0.441246,0.081736,0.867937,50.00,PERSP,36.00,24.00
249,normal_ref,0249.png,D:\BaiduNetdiskDownload\fire\Aqua_IRBatch250\images\0249.png,2025-01-01T01:23:39.759036,-7.564777,0.365442,1753.008545,0.217575,0.433147,0.086280,0.870403,50.00,PERSP,36.00,24.00
250,normal_ref,0250.png,D:\BaiduNetdiskDownload\fire\Aqua_IRBatch250\images\0250.png,2025-01-01T01:24:00,-7.423466,0.244886,1753.183472,0.224823,0.420332,0.093437,0.874097,50.00,PERSP,36.00,24.00
