帧索引,时间戳(ISO),卫星位置_x(m),卫星位置_y(m),卫星位置_z(m),卫星四元数_w,卫星四元数_x,卫星四元数_y,卫星四元数_z,摄像机焦距(mm),摄像机类型,摄像机传感器宽度(mm),摄像机传感器高度(mm)
50,2025-01-01T00:16:31.807229,14.244970,-11.929790,-5.445923,0.211796,-0.109634,-0.446436,0.862449,50.00,PERSP,36.00,24.00
51,2025-01-01T00:16:52.048193,14.245943,-11.929841,-5.442993,0.222543,-0.115196,-0.445033,0.859738,50.00,PERSP,36.00,24.00
52,2025-01-01T00:17:12.289157,14.245302,-11.929731,-5.439941,0.233315,-0.120773,-0.443552,0.856878,50.00,PERSP,36.00,24.00
53,2025-01-01T00:17:32.530120,14.242976,-11.929514,-5.438965,0.244070,-0.126340,-0.441999,0.853876,50.00,PERSP,36.00,24.00
54,2025-01-01T00:17:52.771084,14.245979,-11.929660,-5.438721,0.254670,-0.131827,-0.440394,0.850775,50.00,PERSP,36.00,24.00
55,2025-01-01T00:18:13.012048,14.245753,-11.929696,-5.437988,0.265263,-0.137310,-0.438715,0.847532,50.00,PERSP,36.00,24.00
56,2025-01-01T00:18:33.253012,14.246228,-11.929742,-5.439331,0.275818,-0.142774,-0.436967,0.844156,50.00,PERSP,36.00,24.00
57,2025-01-01T00:18:53.493976,14.241962,-11.929384,-5.440063,0.286479,-0.148292,-0.435126,0.840598,50.00,PERSP,36.00,24.00
58,2025-01-01T00:19:13.734940,14.248931,-11.929969,-5.442139,0.296738,-0.153603,-0.433279,0.837031,50.00,PERSP,36.00,24.00
59,2025-01-01T00:19:33.975904,14.245833,-11.929802,-5.442383,0.307238,-0.159038,-0.431314,0.833235,50.00,PERSP,36.00,24.00
60,2025-01-01T00:19:54.216867,14.247144,-11.929905,-5.445068,0.317591,-0.164397,-0.429300,0.829344,50.00,PERSP,36.00,24.00
61,2025-01-01T00:20:14.457831,14.247391,-11.929876,-5.445068,0.327940,-0.169754,-0.427210,0.825306,50.00,PERSP,36.00,24.00
62,2025-01-01T00:20:34.698795,14.245042,-11.929824,-5.447510,0.338244,-0.175088,-0.425052,0.821137,50.00,PERSP,36.00,24.00
63,2025-01-01T00:20:54.939759,14.245075,-11.929803,-5.448975,0.348492,-0.180393,-0.422828,0.816841,50.00,PERSP,36.00,24.00
64,2025-01-01T00:21:15.180723,14.245641,-11.929737,-5.449829,0.358693,-0.185673,-0.420536,0.812413,50.00,PERSP,36.00,24.00
65,2025-01-01T00:21:35.421687,14.243884,-11.929571,-5.453369,0.368871,-0.190942,-0.418170,0.807842,50.00,PERSP,36.00,24.00
66,2025-01-01T00:21:55.662651,14.245243,-11.929752,-5.452393,0.378884,-0.196125,-0.415764,0.803195,50.00,PERSP,36.00,24.00
67,2025-01-01T00:22:15.903614,14.245599,-11.929756,-5.453369,0.388882,-0.201300,-0.413283,0.798402,50.00,PERSP,36.00,24.00
68,2025-01-01T00:22:36.144578,14.240865,-11.929302,-5.453003,0.398986,-0.206530,-0.410695,0.793401,50.00,PERSP,36.00,24.00
69,2025-01-01T00:22:56.385542,14.245160,-11.929709,-5.456665,0.408719,-0.211568,-0.408122,0.788431,50.00,PERSP,36.00,24.00
70,2025-01-01T00:23:16.626506,14.246181,-11.929884,-5.455078,0.418482,-0.216622,-0.405462,0.783293,50.00,PERSP,36.00,24.00
71,2025-01-01T00:23:36.867470,14.244519,-11.929638,-5.456177,0.428317,-0.221713,-0.402701,0.777958,50.00,PERSP,36.00,24.00
72,2025-01-01T00:23:57.108434,14.243998,-11.929582,-5.457764,0.438036,-0.226744,-0.399890,0.772528,50.00,PERSP,36.00,24.00
73,2025-01-01T00:24:17.349398,14.244994,-11.929673,-5.457397,0.447620,-0.231705,-0.397036,0.767015,50.00,PERSP,36.00,24.00
74,2025-01-01T00:24:37.590361,14.244852,-11.929652,-5.459106,0.457171,-0.236649,-0.394109,0.761360,50.00,PERSP,36.00,24.00
75,2025-01-01T00:24:57.831325,14.245042,-11.929638,-5.459229,0.466659,-0.241561,-0.391118,0.755582,50.00,PERSP,36.00,24.00
76,2025-01-01T00:25:18.072289,14.246086,-11.929848,-5.463623,0.475988,-0.246390,-0.388094,0.749740,50.00,PERSP,36.00,24.00
77,2025-01-01T00:25:38.313253,14.247700,-11.929892,-5.467773,0.485293,-0.251206,-0.384994,0.743751,50.00,PERSP,36.00,24.00
78,2025-01-01T00:25:58.554217,14.245896,-11.929816,-5.489868,0.494606,-0.256027,-0.381805,0.737590,50.00,PERSP,36.00,24.00
79,2025-01-01T00:26:18.795181,14.247225,-11.929873,-5.518921,0.503745,-0.260757,-0.378590,0.731380,50.00,PERSP,36.00,24.00
80,2025-01-01T00:26:39.036145,14.246370,-11.929856,-5.548828,0.512864,-0.265478,-0.375295,0.725014,50.00,PERSP,36.00,24.00
81,2025-01-01T00:26:59.277108,14.245801,-11.929870,-5.583862,0.521886,-0.270148,-0.371947,0.718547,50.00,PERSP,36.00,24.00
82,2025-01-01T00:27:19.518072,14.247700,-11.929925,-5.618774,0.530811,-0.274768,-0.368548,0.711980,50.00,PERSP,36.00,24.00
83,2025-01-01T00:27:39.759036,14.246181,-11.929962,-5.655273,0.539671,-0.279354,-0.365084,0.705288,50.00,PERSP,36.00,24.00
84,2025-01-01T00:28:00,14.247130,-11.929976,-5.694092,0.548441,-0.283894,-0.361565,0.698489,50.00,PERSP,36.00,24.00
85,2025-01-01T00:28:20.240964,14.245611,-11.929875,-5.727417,0.557167,-0.288411,-0.357972,0.691549,50.00,PERSP,36.00,24.00
86,2025-01-01T00:28:40.481928,14.246560,-11.929977,-5.760254,0.565729,-0.292843,-0.354356,0.684563,50.00,PERSP,36.00,24.00
87,2025-01-01T00:29:00.722892,14.244282,-11.929889,-5.791870,0.574283,-0.297271,-0.350649,0.677402,50.00,PERSP,36.00,24.00
88,2025-01-01T00:29:20.963855,14.243902,-11.929818,-5.800659,0.582738,-0.301647,-0.346891,0.670143,50.00,PERSP,36.00,24.00
89,2025-01-01T00:29:41.204819,14.245421,-11.929925,-5.801270,0.591013,-0.305931,-0.343120,0.662857,50.00,PERSP,36.00,24.00
90,2025-01-01T00:30:01.445783,14.244852,-11.929890,-5.804321,0.599272,-0.310206,-0.339260,0.655400,50.00,PERSP,36.00,24.00
91,2025-01-01T00:30:21.686747,14.244472,-11.929872,-5.806152,0.607426,-0.314427,-0.335352,0.647849,50.00,PERSP,36.00,24.00
92,2025-01-01T00:30:41.927711,14.245991,-11.929959,-5.798706,0.615440,-0.318575,-0.331413,0.640241,50.00,PERSP,36.00,24.00
93,2025-01-01T00:31:02.168675,14.245991,-11.929971,-5.789673,0.623388,-0.322689,-0.327409,0.632505,50.00,PERSP,36.00,24.00
94,2025-01-01T00:31:22.409639,14.244661,-11.929953,-5.786621,0.631268,-0.326768,-0.323338,0.624640,50.00,PERSP,36.00,24.00
95,2025-01-01T00:31:42.650602,14.244661,-11.929897,-5.784180,0.639041,-0.330792,-0.319221,0.616687,50.00,PERSP,36.00,24.00
96,2025-01-01T00:32:02.891566,14.244092,-11.929919,-5.789429,0.646691,-0.334752,-0.315065,0.608659,50.00,PERSP,36.00,24.00
97,2025-01-01T00:32:23.132530,14.244282,-11.929870,-5.793823,0.654255,-0.338667,-0.310853,0.600521,50.00,PERSP,36.00,24.00
98,2025-01-01T00:32:43.373494,14.247130,-11.930022,-5.813721,0.661655,-0.342498,-0.306627,0.592357,50.00,PERSP,36.00,24.00
99,2025-01-01T00:33:03.614458,14.245991,-11.930049,-5.823853,0.669016,-0.346308,-0.302317,0.584031,50.00,PERSP,36.00,24.00
100,2025-01-01T00:33:23.855422,14.246941,-11.930106,-5.827393,0.676239,-0.350047,-0.297980,0.575653,50.00,PERSP,36.00,24.00
101,2025-01-01T00:33:44.096386,14.244661,-11.929842,-5.831055,0.683446,-0.353778,-0.293541,0.567077,50.00,PERSP,36.00,24.00
102,2025-01-01T00:34:04.337349,14.245991,-11.929962,-5.842773,0.690462,-0.357409,-0.289108,0.558514,50.00,PERSP,36.00,24.00
103,2025-01-01T00:34:24.578313,14.243712,-11.929781,-5.866333,0.697429,-0.361016,-0.284592,0.549789,50.00,PERSP,36.00,24.00
104,2025-01-01T00:34:44.819277,14.243998,-11.929807,-5.875610,0.704234,-0.364538,-0.280066,0.541045,50.00,PERSP,36.00,24.00
105,2025-01-01T00:35:05.060241,14.245801,-11.929927,-5.890503,0.710921,-0.368000,-0.275501,0.532227,50.00,PERSP,36.00,24.00
106,2025-01-01T00:35:25.301205,14.246560,-11.930106,-5.903931,0.717474,-0.371392,-0.270911,0.523360,50.00,PERSP,36.00,24.00
107,2025-01-01T00:35:45.542169,14.245991,-11.929947,-5.916504,0.723999,-0.374769,-0.266219,0.514296,50.00,PERSP,36.00,24.00
108,2025-01-01T00:36:05.783133,14.246181,-11.930006,-5.921387,0.730360,-0.378062,-0.261522,0.505222,50.00,PERSP,36.00,24.00
109,2025-01-01T00:36:26.024096,14.246228,-11.930066,-5.935669,0.736611,-0.381298,-0.256781,0.496063,50.00,PERSP,36.00,24.00
110,2025-01-01T00:36:46.265060,14.244377,-11.929982,-5.956543,0.742773,-0.384488,-0.251980,0.486788,50.00,PERSP,36.00,24.00
111,2025-01-01T00:37:06.506024,14.246608,-11.930120,-5.974243,0.748771,-0.387592,-0.247178,0.477512,50.00,PERSP,36.00,24.00
112,2025-01-01T00:37:26.746988,14.244994,-11.929963,-5.991455,0.754716,-0.390670,-0.242285,0.468059,50.00,PERSP,36.00,24.00
113,2025-01-01T00:37:46.987952,14.246584,-11.930153,-5.996826,0.760468,-0.393647,-0.237417,0.458655,50.00,PERSP,36.00,24.00
114,2025-01-01T00:38:07.228916,14.246157,-11.930127,-6.006714,0.766150,-0.396588,-0.232471,0.449099,50.00,PERSP,36.00,24.00
115,2025-01-01T00:38:27.469880,14.244899,-11.930036,-6.016357,0.771726,-0.399475,-0.227474,0.439447,50.00,PERSP,36.00,24.00
116,2025-01-01T00:38:47.710843,14.247308,-11.930117,-6.021240,0.777134,-0.402274,-0.222487,0.429812,50.00,PERSP,36.00,24.00
117,2025-01-01T00:39:07.951807,14.245125,-11.930076,-6.027222,0.782457,-0.405029,-0.217431,0.420044,50.00,PERSP,36.00,24.00
118,2025-01-01T00:39:28.192771,14.244804,-11.930114,-6.028076,0.787640,-0.407713,-0.212357,0.410242,50.00,PERSP,36.00,24.00
119,2025-01-01T00:39:48.433735,14.247788,-11.930339,-6.028931,0.792664,-0.410313,-0.207287,0.400449,50.00,PERSP,36.00,24.00
120,2025-01-01T00:40:08.674699,14.246580,-11.930202,-6.031128,0.797634,-0.412886,-0.202115,0.390456,50.00,PERSP,36.00,24.00
121,2025-01-01T00:40:28.915663,14.243998,-11.930029,-6.030396,0.802480,-0.415394,-0.196907,0.380396,50.00,PERSP,36.00,24.00
122,2025-01-01T00:40:49.156627,14.243708,-11.929959,-6.031128,0.807182,-0.417828,-0.191688,0.370314,50.00,PERSP,36.00,24.00
123,2025-01-01T00:41:09.397590,14.246410,-11.930196,-6.030762,0.811714,-0.420174,-0.186491,0.360272,50.00,PERSP,36.00,24.00
124,2025-01-01T00:41:29.638554,14.247070,-11.930249,-6.029785,0.816142,-0.422466,-0.181238,0.350125,50.00,PERSP,36.00,24.00
125,2025-01-01T00:41:49.879518,14.245362,-11.930120,-6.024902,0.820474,-0.424709,-0.175919,0.339849,50.00,PERSP,36.00,24.00
126,2025-01-01T00:42:10.120482,14.246578,-11.930175,-6.013916,0.824647,-0.426869,-0.170610,0.329594,50.00,PERSP,36.00,24.00
127,2025-01-01T00:42:30.361446,14.244822,-11.929906,-6.009888,0.828740,-0.428987,-0.165211,0.319164,50.00,PERSP,36.00,24.00
128,2025-01-01T00:42:50.602410,14.245350,-11.929961,-6.003052,0.832656,-0.431015,-0.159848,0.308803,50.00,PERSP,36.00,24.00
129,2025-01-01T00:43:10.843373,14.245160,-11.929962,-5.993774,0.836450,-0.432979,-0.154449,0.298372,50.00,PERSP,36.00,24.00
130,2025-01-01T00:43:31.084337,14.245278,-11.929991,-5.978760,0.840110,-0.434873,-0.149031,0.287906,50.00,PERSP,36.00,24.00
131,2025-01-01T00:43:51.325301,14.246323,-11.930083,-5.967041,0.843629,-0.436694,-0.143606,0.277426,50.00,PERSP,36.00,24.00
132,2025-01-01T00:44:11.566265,14.244591,-11.929910,-5.951050,0.847051,-0.438466,-0.138104,0.266797,50.00,PERSP,36.00,24.00
133,2025-01-01T00:44:31.807229,14.244899,-11.929959,-5.938110,0.850310,-0.440153,-0.132629,0.256219,50.00,PERSP,36.00,24.00
134,2025-01-01T00:44:52.048193,14.246608,-11.930111,-5.924683,0.853431,-0.441768,-0.127144,0.245624,50.00,PERSP,36.00,24.00
135,2025-01-01T00:45:12.289157,14.243855,-11.929893,-5.910156,0.856456,-0.443334,-0.121572,0.234860,50.00,PERSP,36.00,24.00
