frame,timestamp_s,x,y,z,qw,qx,qy,qz
178,426.506024,-0.189552,-1.065468,0.189552,0.440637,0.048815,-0.744049,-0.499846
179,428.915663,-0.170675,-1.071831,0.170675,0.444579,0.059255,-0.739155,-0.502482
180,431.325301,-0.151693,-1.077525,0.151693,0.448502,0.069821,-0.734080,-0.505073
181,433.734940,-0.132616,-1.082547,0.132616,0.452274,0.080159,-0.728995,-0.507532
182,436.144578,-0.113455,-1.086894,0.113455,0.456029,0.090628,-0.723726,-0.509946
183,438.554217,-0.094225,-1.090562,0.094225,0.459661,0.100940,-0.718418,-0.512248
184,440.963855,-0.074935,-1.093550,0.074935,0.463288,0.111424,-0.712900,-0.514512
185,443.373494,-0.055599,-1.095855,0.055599,0.466778,0.121704,-0.707370,-0.516656
186,445.783133,-0.036228,-1.097478,0.036228,0.470265,0.132169,-0.701618,-0.518762
187,448.192771,-0.016834,-1.098415,0.016834,0.473623,0.142447,-0.695850,-0.520753
188,450.602410,0.002570,-1.098667,-0.002570,0.476984,0.152944,-0.689835,-0.522708
189,453.012048,0.021972,-1.098233,-0.021972,0.480155,0.163054,-0.683921,-0.524515
190,455.421687,0.041361,-1.097115,-0.041361,0.483345,0.173438,-0.677726,-0.526293
191,457.831325,0.060724,-1.095311,-0.060724,0.486413,0.183644,-0.671515,-0.527963
192,460.240964,0.080049,-1.092825,-0.080049,0.489412,0.193840,-0.665188,-0.529554
193,462.650602,0.099325,-1.089657,-0.099325,0.492325,0.203974,-0.658778,-0.531058
194,465.060241,0.118538,-1.085808,-0.118538,0.495188,0.214168,-0.652206,-0.532493
195,467.469880,0.137677,-1.081283,-0.137677,0.497972,0.224330,-0.645531,-0.533844
196,469.879518,0.156730,-1.076082,-0.156730,0.500652,0.234354,-0.638824,-0.535098
197,472.289157,0.175686,-1.070211,-0.175686,0.503276,0.244426,-0.631960,-0.536280
198,474.698795,0.194532,-1.063671,-0.194532,0.505799,0.254372,-0.625058,-0.537368
199,477.108434,0.213256,-1.056468,-0.213256,0.508270,0.264387,-0.617983,-0.538384
200,479.518072,0.231848,-1.048606,-0.231848,0.510642,0.274278,-0.610871,-0.539308
201,481.927711,0.250295,-1.040090,-0.250295,0.512955,0.284215,-0.603598,-0.540155
202,484.337349,0.268586,-1.030924,-0.268586,0.515164,0.293999,-0.596312,-0.540910
203,486.746988,0.286709,-1.021116,-0.286709,0.517314,0.303838,-0.588857,-0.541587
204,489.156627,0.304654,-1.010670,-0.304654,0.519376,0.313599,-0.581332,-0.542178
205,491.566265,0.322409,-0.999593,-0.322409,0.521339,0.323220,-0.573789,-0.542679
206,493.975904,0.339962,-0.987893,-0.339962,0.523253,0.332952,-0.566028,-0.543103
207,496.385542,0.357303,-0.975577,-0.357303,0.525073,0.342573,-0.558225,-0.543439
208,498.795181,0.374423,-0.962651,-0.374423,0.526796,0.352053,-0.550407,-0.543688
209,501.204819,0.391309,-0.949124,-0.391309,0.528442,0.361510,-0.542477,-0.543854
210,503.614458,0.407949,-0.935007,-0.407949,0.530008,0.370917,-0.534459,-0.543936
211,506.024096,0.424336,-0.920304,-0.424336,0.531499,0.380320,-0.526311,-0.543932
212,508.433735,0.440458,-0.905028,-0.440458,0.532902,0.389625,-0.518114,-0.543844
213,510.843373,0.456305,-0.889187,-0.456305,0.534220,0.398864,-0.509840,-0.543671
214,513.253012,0.471869,-0.872790,-0.471869,0.535452,0.408014,-0.501513,-0.543415
215,515.662651,0.487136,-0.855850,-0.487136,0.536609,0.417165,-0.493048,-0.543072
216,518.072289,0.502100,-0.838376,-0.502100,0.537685,0.426274,-0.484484,-0.542642
217,520.481928,0.516750,-0.820379,-0.516750,0.538667,0.435229,-0.475927,-0.542133
218,522.891566,0.531078,-0.801869,-0.531078,0.539576,0.444234,-0.467182,-0.541531
219,525.301205,0.545076,-0.782858,-0.545076,0.540389,0.453043,-0.458486,-0.540853
220,527.710843,0.558732,-0.763360,-0.558732,0.541125,0.461864,-0.449638,-0.540084
221,530.120482,0.572040,-0.743385,-0.572040,0.541769,0.470507,-0.440827,-0.539241
222,532.530120,0.584991,-0.722947,-0.584991,0.542338,0.479216,-0.431804,-0.538300
223,534.939759,0.597577,-0.702058,-0.597577,0.542814,0.487726,-0.422843,-0.537289
224,537.349398,0.609790,-0.680731,-0.609790,0.543211,0.496238,-0.413735,-0.536185
225,539.759036,0.621623,-0.658978,-0.621623,0.543521,0.504654,-0.404580,-0.534999
226,542.168675,0.633069,-0.636813,-0.633069,0.543747,0.512987,-0.395368,-0.533730
227,544.578313,0.644119,-0.614251,-0.644119,0.543888,0.521224,-0.386112,-0.532381
228,546.987952,0.654766,-0.591307,-0.654766,0.543944,0.529454,-0.376711,-0.530935
229,549.397590,0.665005,-0.567995,-0.665005,0.543914,0.537569,-0.367287,-0.529412
230,551.807229,0.674830,-0.544326,-0.674830,0.543800,0.545553,-0.357861,-0.527816
231,554.216867,0.684233,-0.520320,-0.684233,0.543601,0.553465,-0.348364,-0.526134
232,556.626506,0.693209,-0.495989,-0.693209,0.543319,0.561273,-0.338834,-0.524375
233,559.036145,0.701752,-0.471349,-0.701752,0.542952,0.568981,-0.329269,-0.522538
234,561.445783,0.709858,-0.446414,-0.709858,0.542497,0.576691,-0.319538,-0.520596
235,563.855422,0.717521,-0.421201,-0.717521,0.541961,0.584229,-0.309861,-0.518595
236,566.265060,0.724736,-0.395725,-0.724736,0.541333,0.591773,-0.300009,-0.516486
237,568.674699,0.731498,-0.370002,-0.731498,0.540638,0.599041,-0.290354,-0.514349
238,571.084337,0.737805,-0.344050,-0.737805,0.539847,0.606345,-0.280482,-0.512095
239,573.493976,0.743651,-0.317882,-0.743651,0.538974,0.613527,-0.270604,-0.509769
240,575.903614,0.749033,-0.291516,-0.749033,0.538003,0.620719,-0.260536,-0.507328
241,578.313253,0.753948,-0.264968,-0.753948,0.536957,0.627740,-0.250529,-0.504832
242,580.722892,0.758392,-0.238254,-0.758392,0.535849,0.634531,-0.240675,-0.502307
243,583.132530,0.762363,-0.211393,-0.762363,0.534621,0.641437,-0.230470,-0.499622
244,585.542169,0.765859,-0.184399,-0.765859,0.533325,0.648154,-0.220360,-0.496893
245,587.951807,0.768876,-0.157290,-0.768876,0.531959,0.654706,-0.210313,-0.494113
246,590.361446,0.771414,-0.130083,-0.771414,0.530502,0.661202,-0.200164,-0.491238
247,592.771084,0.773471,-0.102795,-0.773471,0.528950,0.667641,-0.189910,-0.488264
248,595.180723,0.775045,-0.075443,-0.775045,0.527321,0.673951,-0.179665,-0.485225
249,597.590361,0.776136,-0.048043,-0.776136,0.525606,0.680167,-0.169372,-0.482104
250,600.000000,0.776742,-0.020614,-0.776742,0.523090,0.688612,-0.155050,-0.477650
1,0.000000,0.776179,0.046620,-0.776179,0.519116,0.700616,-0.133971,-0.470858
2,2.409639,0.775113,0.074036,-0.775113,0.517030,0.706375,-0.123531,-0.467392
3,4.819277,0.773563,0.101406,-0.773563,0.514871,0.711997,-0.113118,-0.463868
4,7.228916,0.771529,0.128713,-0.771529,0.512660,0.717439,-0.102817,-0.460316
5,9.638554,0.769014,0.155939,-0.769014,0.510316,0.722892,-0.092264,-0.456609
6,12.048193,0.766018,0.183068,-0.766018,0.507927,0.728153,-0.081848,-0.452885
7,14.457831,0.762544,0.210082,-0.762544,0.505470,0.733276,-0.071471,-0.449108
8,16.867470,0.758594,0.236966,-0.758594,0.502937,0.738284,-0.061087,-0.445264
9,19.277108,0.754170,0.263701,-0.754170,0.500290,0.743244,-0.050550,-0.441297
10,21.686747,0.749274,0.290272,-0.749274,0.497580,0.748058,-0.040070,-0.437285
11,24.096386,0.743911,0.316661,-0.743911,0.494805,0.752735,-0.029627,-0.433222
12,26.506024,0.738083,0.342853,-0.738083,0.491943,0.757310,-0.019146,-0.429078
13,28.915663,0.731795,0.368830,-0.731795,0.489008,0.761761,-0.008676,-0.424872
14,31.325301,0.725049,0.394577,-0.725049,0.485992,0.766100,0.001814,-0.420593
15,33.734940,0.717850,0.420077,-0.717850,0.482882,0.770345,0.012365,-0.416223
16,36.144578,0.710203,0.445316,-0.710203,0.479736,0.774416,0.022780,-0.411843
17,38.554217,0.702112,0.470276,-0.702112,0.476488,0.778400,0.033280,-0.407362
18,40.963855,0.693583,0.494942,-0.693583,0.473173,0.782256,0.043755,-0.402826
19,43.373494,0.684620,0.519299,-0.684620,0.469772,0.786001,0.054258,-0.398212
20,45.783133,0.675230,0.543332,-0.675230,0.466341,0.789578,0.064619,-0.393594
21,48.192771,0.665419,0.567026,-0.665419,0.462773,0.793098,0.075165,-0.388828
22,50.602410,0.655191,0.590365,-0.655191,0.459170,0.796456,0.085589,-0.384051
23,53.012048,0.644554,0.613336,-0.644554,0.455488,0.799696,0.096017,-0.379205
24,55.421687,0.633515,0.635923,-0.633515,0.451746,0.802803,0.106401,-0.374315
25,57.831325,0.622080,0.658114,-0.622080,0.447921,0.805794,0.116804,-0.369349
26,60.240964,0.610257,0.679893,-0.610257,0.444057,0.808638,0.127107,-0.364365
27,62.650602,0.598052,0.701248,-0.598052,0.440084,0.811384,0.137494,-0.359274
28,65.060241,0.585475,0.722164,-0.585475,0.436031,0.814009,0.147888,-0.354111
29,67.469880,0.572531,0.742630,-0.572531,0.431926,0.816496,0.158217,-0.348915
30,69.879518,0.559230,0.762631,-0.559230,0.427777,0.818842,0.168463,-0.343694
31,72.289157,0.545579,0.782156,-0.545579,0.423562,0.821061,0.178681,-0.338419
32,74.698795,0.531588,0.801194,-0.531588,0.419259,0.823163,0.188925,-0.333065
33,77.108434,0.517264,0.819730,-0.517264,0.414918,0.825124,0.199074,-0.327693
34,79.518072,0.502618,0.837754,-0.502618,0.410490,0.826967,0.209245,-0.322242
35,81.927711,0.487658,0.855256,-0.487658,0.405964,0.828693,0.219460,-0.316699
36,84.337349,0.472393,0.872223,-0.472393,0.401404,0.830278,0.229574,-0.311142
37,86.746988,0.456832,0.888645,-0.456832,0.396768,0.831737,0.239679,-0.305522
38,89.156627,0.440987,0.904512,-0.440987,0.392123,0.833050,0.249633,-0.299917
39,91.566265,0.424866,0.919815,-0.424866,0.387359,0.834250,0.259673,-0.294195
40,93.975904,0.408480,0.934543,-0.408480,0.382600,0.835304,0.269534,-0.288507
41,96.385542,0.391838,0.948687,-0.391838,0.377718,0.836241,0.279485,-0.282698
42,98.795181,0.374952,0.962239,-0.374952,0.372765,0.837049,0.289414,-0.276831
43,101.204819,0.357832,0.975190,-0.357832,0.367821,0.837716,0.299165,-0.270999
44,103.614458,0.340489,0.987531,-0.340489,0.362787,0.838257,0.308934,-0.265088
45,106.024096,0.322933,0.999255,-0.322933,0.357631,0.838671,0.318779,-0.259058
46,108.433735,0.305175,1.010355,-0.305175,0.352515,0.838948,0.328392,-0.253099
47,110.843373,0.287227,1.020825,-0.287227,0.347335,0.839095,0.337971,-0.247091
48,113.253012,0.269099,1.030657,-0.269099,0.342034,0.839112,0.347619,-0.240967
49,115.662651,0.250803,1.039845,-0.250803,0.336754,0.838998,0.357080,-0.234891
50,118.072289,0.232351,1.048384,-0.232351,0.331403,0.838754,0.366518,-0.228757
51,120.481928,0.213753,1.056267,-0.213753,0.325994,0.838378,0.375909,-0.222580
52,122.891566,0.195023,1.063492,-0.195023,0.320503,0.837869,0.385295,-0.216333
53,125.301205,0.176170,1.070051,-0.176170,0.314952,0.837227,0.394637,-0.210041
54,127.710843,0.157208,1.075943,-0.157208,0.309413,0.836462,0.403816,-0.203785
55,130.120482,0.138147,1.081163,-0.138147,0.303808,0.835564,0.412960,-0.197478
56,132.530120,0.119001,1.085707,-0.119001,0.298154,0.834536,0.422043,-0.191139
57,134.939759,0.099780,1.089573,-0.099780,0.292373,0.833360,0.431187,-0.184679
58,137.349398,0.080496,1.092759,-0.080496,0.286741,0.832097,0.439959,-0.178407
59,139.759036,0.061163,1.095263,-0.061163,0.280907,0.830670,0.448908,-0.171933
60,142.168675,0.041791,1.097082,-0.041791,0.275085,0.829126,0.457702,-0.165493
61,144.578313,0.022393,1.098216,-0.022393,0.269193,0.827446,0.466463,-0.158999
62,146.987952,0.002981,1.098665,-0.002981,0.263257,0.825635,0.475157,-0.152476
63,149.397590,-0.016433,1.098427,0.016433,0.257280,0.823696,0.483774,-0.145930
64,151.807229,-0.035836,1.097503,0.035836,0.251258,0.821625,0.492321,-0.139357
65,154.216867,-0.055217,1.095894,0.055217,0.245178,0.819419,0.500819,-0.132741
66,156.626506,-0.074564,1.093601,0.074564,0.239124,0.817109,0.509149,-0.126174
67,159.036145,-0.093864,1.090624,0.093864,0.233006,0.814662,0.517437,-0.119558
68,161.445783,-0.113105,1.086966,0.113105,0.226747,0.812043,0.525781,-0.112812
69,163.855422,-0.132276,1.082630,0.132276,0.220646,0.809379,0.533788,-0.106256
70,166.265060,-0.151365,1.077617,0.151365,0.214452,0.806566,0.541790,-0.099620
71,168.674699,-0.170358,1.071932,0.170358,0.208137,0.803586,0.549821,-0.092875
72,171.084337,-0.189246,1.065577,0.189246,0.201821,0.800494,0.557724,-0.086150
73,173.493976,-0.208015,1.058556,0.208015,0.195517,0.797299,0.565486,-0.079456
74,175.903614,-0.226654,1.050875,0.226654,0.189158,0.793967,0.573190,-0.072725
75,178.313253,-0.245152,1.042537,0.245152,0.182763,0.790508,0.580811,-0.065976
76,180.722892,-0.263496,1.033548,0.263496,0.176400,0.786959,0.588273,-0.059279
77,183.132530,-0.281676,1.023914,0.281676,0.169975,0.783269,0.595683,-0.052537
78,185.542169,-0.299680,1.013640,0.299680,0.163464,0.779422,0.603067,-0.045725
79,187.951807,-0.317497,1.002733,0.317497,0.156997,0.775494,0.610279,-0.038978
80,190.361446,-0.335116,0.991200,0.335116,0.150463,0.771420,0.617444,-0.032181
81,192.771084,-0.352525,0.979048,0.352525,0.143917,0.767232,0.624498,-0.025391
82,195.180723,-0.369714,0.966284,0.369714,0.137361,0.762932,0.631443,-0.018610
83,197.590361,-0.386673,0.952917,0.386673,0.130771,0.758505,0.638302,-0.011813
84,200.000000,-0.403389,0.938955,0.403389,0.124163,0.753962,0.645058,-0.005016
85,202.409639,-0.419854,0.924406,0.419854,0.117505,0.749278,0.651745,0.001812
86,204.819277,-0.436057,0.909280,0.436057,0.110887,0.744519,0.658271,0.008581
87,207.228916,-0.451988,0.893586,0.451988,0.104189,0.739599,0.664756,0.015412
88,209.638554,-0.467638,0.877332,0.467638,0.097482,0.734567,0.671130,0.022233
89,212.048193,-0.482996,0.860529,0.482996,0.090831,0.729474,0.677331,0.028979
90,214.457831,-0.498053,0.843189,0.498053,0.084104,0.724221,0.683484,0.035782
91,216.867470,-0.512799,0.825322,0.512799,0.077373,0.718861,0.689522,0.042571
92,219.277108,-0.527225,0.806938,0.527225,0.070667,0.713419,0.695419,0.049315
93,221.686747,-0.541321,0.788051,0.541321,0.063926,0.707846,0.701229,0.056077
94,224.096386,-0.555080,0.768671,0.555080,0.057149,0.702141,0.706952,0.062855
95,226.506024,-0.568491,0.748811,0.568491,0.050371,0.696333,0.712557,0.069616
96,228.915663,-0.581547,0.728483,0.581547,0.043604,0.690431,0.718035,0.076347
97,231.325301,-0.594240,0.707700,0.594240,0.036818,0.684411,0.723411,0.083078
98,233.734940,-0.606561,0.686476,0.606561,0.030082,0.678335,0.728631,0.089742
99,236.144578,-0.618503,0.664823,0.618503,0.023283,0.672101,0.733782,0.096448
100,238.554217,-0.630059,0.642754,0.630059,0.016512,0.665791,0.738795,0.103109
101,240.963855,-0.641222,0.620283,0.641222,0.009653,0.659296,0.743755,0.109837
102,243.373494,-0.651983,0.597425,0.651983,0.002873,0.652774,0.748540,0.116469
103,245.783133,-0.662338,0.574195,0.662338,0.003966,-0.646094,-0.753249,-0.123140
104,248.192771,-0.672278,0.550605,0.672278,0.010751,-0.639363,-0.757804,-0.129740
105,250.602410,-0.681799,0.526671,0.681799,0.017528,-0.632541,-0.762236,-0.136313
106,253.012048,-0.690894,0.502407,0.690894,0.024276,-0.625647,-0.766533,-0.142840
107,255.421687,-0.699557,0.477829,0.699557,0.031108,-0.618566,-0.770766,-0.149429
108,257.831325,-0.707784,0.452951,0.707784,0.037881,-0.611443,-0.774845,-0.155944
109,260.240964,-0.715568,0.427792,0.715568,0.044654,-0.604219,-0.778806,-0.162438
110,262.650602,-0.722905,0.402366,0.722905,0.051448,-0.596871,-0.782662,-0.168935
111,265.060241,-0.729790,0.376688,0.729790,0.058179,-0.589488,-0.786365,-0.175353
112,267.469880,-0.736220,0.350775,0.736220,0.064975,-0.581933,-0.789985,-0.181813
113,269.879518,-0.742189,0.324641,0.742189,0.071674,-0.574384,-0.793436,-0.188163
114,272.289157,-0.747695,0.298305,0.747695,0.078418,-0.566681,-0.796793,-0.194537
115,274.698795,-0.752734,0.271782,0.752734,0.085168,-0.558869,-0.800033,-0.200898
116,277.108434,-0.757302,0.245089,0.757302,0.091845,-0.551038,-0.803120,-0.207171
117,279.518072,-0.761398,0.218242,0.761398,0.098553,-0.543068,-0.806103,-0.213454
118,281.927711,-0.765017,0.191259,0.765017,0.105225,-0.535039,-0.808950,-0.219685
119,284.337349,-0.768158,0.164156,0.768158,0.111831,-0.526986,-0.811651,-0.225835
120,286.746988,-0.770820,0.136950,0.770820,0.118511,-0.518739,-0.814263,-0.232035
121,289.156627,-0.773000,0.109659,0.773000,0.125177,-0.510404,-0.816748,-0.238203
122,291.566265,-0.774696,0.082299,0.774696,0.131798,-0.502021,-0.819095,-0.244310
123,293.975904,-0.775909,0.054888,0.775909,0.138335,-0.493642,-0.821293,-0.250320
124,296.385542,-0.776637,0.027443,0.776637,0.144882,-0.485144,-0.823374,-0.256321
125,298.795181,-0.776879,-0.000020,0.776879,0.151454,-0.476508,-0.825340,-0.262325
126,301.204819,-0.776636,-0.027482,0.776636,0.157955,-0.467861,-0.827164,-0.268245
127,303.614458,-0.775907,-0.054928,0.775907,0.164510,-0.459035,-0.828879,-0.274194
128,306.024096,-0.774694,-0.082339,0.774694,0.170963,-0.450238,-0.830445,-0.280032
129,308.433735,-0.772997,-0.109698,0.772997,0.177403,-0.441354,-0.831884,-0.285838
130,310.843373,-0.770816,-0.136989,0.770816,0.183809,-0.432410,-0.833192,-0.291593
131,313.253012,-0.768154,-0.164195,0.768154,0.190168,-0.423424,-0.834367,-0.297287
132,315.662651,-0.765012,-0.191298,0.765012,0.196561,-0.414281,-0.835423,-0.302991
133,318.072289,-0.761392,-0.218281,0.761392,0.202866,-0.405155,-0.836339,-0.308597
134,320.481928,-0.757296,-0.245127,0.757296,0.209128,-0.395984,-0.837123,-0.314145
135,322.891566,-0.752727,-0.271820,0.752727,0.215433,-0.386639,-0.837785,-0.319710
136,325.301205,-0.747688,-0.298342,0.747688,0.221637,-0.377334,-0.838310,-0.325166
137,327.710843,-0.742181,-0.324679,0.742181,0.227826,-0.367939,-0.838705,-0.330589
138,330.120482,-0.736211,-0.350812,0.736211,0.233956,-0.358524,-0.838969,-0.335940
139,332.530120,-0.729781,-0.376726,0.729781,0.240106,-0.348967,-0.839104,-0.341287
140,334.939759,-0.722895,-0.402403,0.722895,0.246210,-0.339366,-0.839106,-0.346574
141,337.349398,-0.715557,-0.427830,0.715557,0.252220,-0.329800,-0.838977,-0.351758
142,339.759036,-0.707772,-0.452989,0.707772,0.258200,-0.320170,-0.838719,-0.356896
143,342.168675,-0.699545,-0.477865,0.699545,0.264198,-0.310394,-0.838326,-0.362028
144,344.578313,-0.690881,-0.502442,0.690881,0.270102,-0.300655,-0.837806,-0.367059
145,346.987952,-0.681786,-0.526705,0.681786,0.275984,-0.290837,-0.837154,-0.372049
146,349.397590,-0.672266,-0.550634,0.672266,0.281836,-0.280951,-0.836369,-0.376992
147,351.807229,-0.662331,-0.574210,0.662331,0.287607,-0.271084,-0.835458,-0.381845
148,354.216867,-0.651983,-0.597427,0.651983,0.293369,-0.261113,-0.834411,-0.386668
149,356.626506,-0.641228,-0.620270,0.641228,0.299064,-0.251138,-0.833238,-0.391414
150,359.036145,-0.630072,-0.642729,0.630072,0.304680,-0.241182,-0.831943,-0.396072
151,361.445783,-0.618524,-0.664784,0.618524,0.310319,-0.231063,-0.830501,-0.400726
152,363.855422,-0.606590,-0.686424,0.606590,0.315876,-0.220966,-0.828937,-0.405290
153,366.265060,-0.594278,-0.707637,0.594278,0.321390,-0.210824,-0.827242,-0.409796
154,368.674699,-0.581593,-0.728409,0.581593,0.326839,-0.200675,-0.825422,-0.414226
155,371.084337,-0.568547,-0.748726,0.568547,0.332249,-0.190474,-0.823470,-0.418601
